 7.139350839E-014 -2.034482759E-002 
 3.472222223E-004 -1.906896552E-002 
 6.944444445E-004 -1.779310345E-002 
 1.041666667E-003 -1.651724138E-002 
 1.388888889E-003 -1.524137931E-002 
 1.736111111E-003 -1.396551724E-002 
 2.083333333E-003 -1.268965517E-002 
 2.430555556E-003 -1.141379310E-002 
 2.777777778E-003 -1.013793103E-002 
 3.125000000E-003 -8.862068965E-003 
 3.472222222E-003 -7.586206896E-003 
 3.819444445E-003 -6.310344827E-003 
 4.166666667E-003 -5.034482758E-003 
 4.513888889E-003 -3.758620689E-003 
 4.861111111E-003 -2.482758620E-003 
 5.208333333E-003 -1.206896551E-003 
 5.555555556E-003  6.896551750E-005 
 5.902777778E-003  1.344827586E-003 
 6.250000000E-003  2.620689655E-003 
 6.597222222E-003  3.896551724E-003 
 6.944444445E-003  5.172413793E-003 
 7.291666667E-003  6.448275862E-003 
 7.638888889E-003  7.724137931E-003 
 7.986111111E-003  9.000000000E-003 
 8.333333333E-003  1.027586207E-002 
 8.680555556E-003  1.155172414E-002 
 9.027777778E-003  1.282758621E-002 
 9.375000000E-003  1.410344828E-002 
 9.722222222E-003  1.537931035E-002 
 1.006944444E-002  1.665517241E-002 
 1.041666667E-002  1.793103448E-002 
 1.076388889E-002  1.920689655E-002 
 1.111111111E-002  2.048275862E-002 
 1.145833333E-002  2.175862069E-002 
 1.180555556E-002  2.303448276E-002 
 1.215277778E-002  2.431034483E-002 
 1.250000000E-002  2.558620690E-002 
 1.284722222E-002  2.686206897E-002 
 1.319444444E-002  2.813793103E-002 
 1.354166667E-002  2.941379310E-002 
 1.388888889E-002  3.068965517E-002 
 1.423611111E-002  3.196551724E-002 
 1.458333333E-002  3.324137931E-002 
 1.493055556E-002  3.451724138E-002 
 1.527777778E-002  3.579310345E-002 
 1.562500000E-002  3.706896552E-002 
 1.597222222E-002  3.834482759E-002 
 1.631944444E-002  3.962068966E-002 
 1.666666667E-002  4.089655172E-002 
 1.701388889E-002  4.217241379E-002 
 1.736111111E-002  4.344827586E-002 
 1.770833333E-002  4.472413793E-002 
 1.805555556E-002  4.600000000E-002 
 1.840277778E-002  4.727586207E-002 
 1.875000000E-002  4.855172414E-002 
 1.909722222E-002  4.982758621E-002 
 1.944444444E-002  5.110344828E-002 
 1.979166667E-002  5.237931035E-002 
 2.013888889E-002  5.365517241E-002 
 2.048611111E-002  5.493103448E-002 
 2.083333333E-002  5.620689655E-002 
 2.118055556E-002  5.748275862E-002 
 2.152777778E-002  5.875862069E-002 
 2.187500000E-002  6.003448276E-002 
 2.222222222E-002  6.131034483E-002 
 2.256944444E-002  6.258620690E-002 
 2.291666667E-002  6.386206897E-002 
 2.326388889E-002  6.513793103E-002 
 2.361111111E-002  6.641379310E-002 
 2.395833333E-002  6.768965517E-002 
 2.430555556E-002  6.896551724E-002 
 2.465277778E-002  7.024137931E-002 
 2.500000000E-002  7.151724138E-002 
 2.534722222E-002  7.279310345E-002 
 2.569444444E-002  7.406896552E-002 
 2.604166667E-002  7.534482759E-002 
 2.638888889E-002  7.662068966E-002 
 2.673611111E-002  7.789655172E-002 
 2.708333333E-002  7.917241379E-002 
 2.743055556E-002  8.044827586E-002 
 2.777777778E-002  8.172413793E-002 
 2.812500000E-002  8.163172414E-002 
 2.847222222E-002  8.153931034E-002 
 2.881944444E-002  8.144689655E-002 
 2.916666667E-002  8.135448276E-002 
 2.951388889E-002  8.126206897E-002 
 2.986111111E-002  8.116965517E-002 
 3.020833333E-002  8.107724138E-002 
 3.055555556E-002  8.098482759E-002 
 3.090277778E-002  8.089241379E-002 
 3.125000000E-002  8.080000000E-002 
 3.159722222E-002  8.070758621E-002 
 3.194444444E-002  8.061517241E-002 
 3.229166667E-002  8.052275862E-002 
 3.263888889E-002  8.043034483E-002 
 3.298611111E-002  8.033793103E-002 
 3.333333333E-002  8.024551724E-002 
 3.368055556E-002  8.015310345E-002 
 3.402777778E-002  8.006068966E-002 
 3.437500000E-002  7.996827586E-002 
 3.472222222E-002  7.987586207E-002 
 3.506944444E-002  7.978344828E-002 
 3.541666667E-002  7.969103448E-002 
 3.576388889E-002  7.959862069E-002 
 3.611111111E-002  7.950620690E-002 
 3.645833333E-002  7.941379310E-002 
 3.680555556E-002  7.932137931E-002 
 3.715277778E-002  7.922896552E-002 
 3.750000000E-002  7.913655172E-002 
 3.784722222E-002  7.904413793E-002 
 3.819444444E-002  7.895172414E-002 
 3.854166667E-002  7.885931034E-002 
 3.888888889E-002  7.876689655E-002 
 3.923611111E-002  7.867448276E-002 
 3.958333333E-002  7.858206897E-002 
 3.993055556E-002  7.848965517E-002 
 4.027777778E-002  7.839724138E-002 
 4.062500000E-002  7.830482759E-002 
 4.097222222E-002  7.821241379E-002 
 4.131944444E-002  7.812000000E-002 
 4.166666667E-002  7.802758621E-002 
 4.201388889E-002  7.793517241E-002 
 4.236111111E-002  7.784275862E-002 
 4.270833333E-002  7.775034483E-002 
 4.305555556E-002  7.765793103E-002 
 4.340277778E-002  7.756551724E-002 
 4.375000000E-002  7.747310345E-002 
 4.409722222E-002  7.738068966E-002 
 4.444444444E-002  7.728827586E-002 
 4.479166667E-002  7.719586207E-002 
 4.513888889E-002  7.710344828E-002 
 4.548611111E-002  7.701103448E-002 
 4.583333333E-002  7.691862069E-002 
 4.618055556E-002  7.682620690E-002 
 4.652777778E-002  7.673379310E-002 
 4.687500000E-002  7.664137931E-002 
 4.722222222E-002  7.654896552E-002 
 4.756944444E-002  7.645655172E-002 
 4.791666667E-002  7.636413793E-002 
 4.826388889E-002  7.627172414E-002 
 4.861111111E-002  7.617931034E-002 
 4.895833333E-002  7.608689655E-002 
 4.930555556E-002  7.599448276E-002 
 4.965277778E-002  7.590206897E-002 
 5.000000000E-002  7.580965517E-002 
 5.034722222E-002  7.571724138E-002 
 5.069444444E-002  7.562482759E-002 
 5.104166667E-002  7.553241379E-002 
 5.138888889E-002  7.544000000E-002 
 5.173611111E-002  7.534758621E-002 
 5.208333333E-002  7.525517241E-002 
 5.243055556E-002  7.516275862E-002 
 5.277777778E-002  7.507034483E-002 
 5.312500000E-002  7.497793103E-002 
 5.347222222E-002  7.488551724E-002 
 5.381944444E-002  7.479310345E-002 
 5.416666667E-002  7.470068966E-002 
 5.451388889E-002  7.460827586E-002 
 5.486111111E-002  7.451586207E-002 
 5.520833333E-002  7.442344828E-002 
 5.555555556E-002  7.433103448E-002 
 5.590277778E-002  7.423862069E-002 
 5.625000000E-002  7.414620690E-002 
 5.659722222E-002  7.405379310E-002 
 5.694444444E-002  7.396137931E-002 
 5.729166667E-002  7.386896552E-002 
 5.763888889E-002  7.377655172E-002 
 5.798611111E-002  7.368413793E-002 
 5.833333333E-002  7.359172414E-002 
 5.868055556E-002  7.349931034E-002 
 5.902777778E-002  7.340689655E-002 
 5.937500000E-002  7.331448276E-002 
 5.972222222E-002  7.322206897E-002 
 6.006944444E-002  7.312965517E-002 
 6.041666667E-002  7.303724138E-002 
 6.076388889E-002  7.294482759E-002 
 6.111111111E-002  7.285241379E-002 
 6.145833333E-002  7.276000000E-002 
 6.180555556E-002  7.266758621E-002 
 6.215277778E-002  7.257517241E-002 
 6.250000000E-002  7.248275862E-002 
 6.284722222E-002  7.247379310E-002 
 6.319444444E-002  7.246482759E-002 
 6.354166667E-002  7.245586207E-002 
 6.388888889E-002  7.244689655E-002 
 6.423611111E-002  7.243793103E-002 
 6.458333333E-002  7.242896552E-002 
 6.493055556E-002  7.242000000E-002 
 6.527777778E-002  7.241103448E-002 
 6.562500000E-002  7.240206897E-002 
 6.597222222E-002  7.239310345E-002 
 6.631944444E-002  7.238413793E-002 
 6.666666667E-002  7.237517241E-002 
 6.701388889E-002  7.236620690E-002 
 6.736111111E-002  7.235724138E-002 
 6.770833333E-002  7.234827586E-002 
 6.805555556E-002  7.233931034E-002 
 6.840277778E-002  7.233034483E-002 
 6.875000000E-002  7.232137931E-002 
 6.909722222E-002  7.231241379E-002 
 6.944444444E-002  7.230344828E-002 
 6.979166667E-002  7.229448276E-002 
 7.013888889E-002  7.228551724E-002 
 7.048611111E-002  7.227655172E-002 
 7.083333333E-002  7.226758621E-002 
 7.118055556E-002  7.225862069E-002 
 7.152777778E-002  7.224965517E-002 
 7.187500000E-002  7.224068966E-002 
 7.222222222E-002  7.223172414E-002 
 7.256944444E-002  7.222275862E-002 
 7.291666667E-002  7.221379310E-002 
 7.326388889E-002  7.220482759E-002 
 7.361111111E-002  7.219586207E-002 
 7.395833333E-002  7.218689655E-002 
 7.430555556E-002  7.217793103E-002 
 7.465277778E-002  7.216896552E-002 
 7.500000000E-002  7.216000000E-002 
 7.534722222E-002  7.215103448E-002 
 7.569444444E-002  7.214206897E-002 
 7.604166667E-002  7.213310345E-002 
 7.638888889E-002  7.212413793E-002 
 7.673611111E-002  7.211517241E-002 
 7.708333333E-002  7.210620690E-002 
 7.743055556E-002  7.209724138E-002 
 7.777777778E-002  7.208827586E-002 
 7.812500000E-002  7.207931034E-002 
 7.847222222E-002  7.207034483E-002 
 7.881944444E-002  7.206137931E-002 
 7.916666667E-002  7.205241379E-002 
 7.951388889E-002  7.204344828E-002 
 7.986111111E-002  7.203448276E-002 
 8.020833333E-002  7.202551724E-002 
 8.055555556E-002  7.201655172E-002 
 8.090277778E-002  7.200758621E-002 
 8.125000000E-002  7.199862069E-002 
 8.159722222E-002  7.198965517E-002 
 8.194444444E-002  7.198068966E-002 
 8.229166667E-002  7.197172414E-002 
 8.263888889E-002  7.196275862E-002 
 8.298611111E-002  7.195379310E-002 
 8.333333333E-002  7.194482759E-002 
 8.368055556E-002  7.193586207E-002 
 8.402777778E-002  7.192689655E-002 
 8.437500000E-002  7.191793103E-002 
 8.472222222E-002  7.190896552E-002 
 8.506944444E-002  7.190000000E-002 
 8.541666667E-002  7.189103448E-002 
 8.576388889E-002  7.188206897E-002 
 8.611111111E-002  7.187310345E-002 
 8.645833333E-002  7.186413793E-002 
 8.680555556E-002  7.185517241E-002 
 8.715277778E-002  7.184620690E-002 
 8.750000000E-002  7.183724138E-002 
 8.784722222E-002  7.182827586E-002 
 8.819444444E-002  7.181931034E-002 
 8.854166667E-002  7.181034483E-002 
 8.888888889E-002  7.180137931E-002 
 8.923611111E-002  7.179241379E-002 
 8.958333333E-002  7.178344828E-002 
 8.993055556E-002  7.177448276E-002 
 9.027777778E-002  7.176551724E-002 
 9.062500000E-002  7.175655172E-002 
 9.097222222E-002  7.174758621E-002 
 9.131944444E-002  7.173862069E-002 
 9.166666667E-002  7.172965517E-002 
 9.201388889E-002  7.172068966E-002 
 9.236111111E-002  7.171172414E-002 
 9.270833333E-002  7.170275862E-002 
 9.305555556E-002  7.169379310E-002 
 9.340277778E-002  7.168482759E-002 
 9.375000000E-002  7.167586207E-002 
 9.409722222E-002  7.166689655E-002 
 9.444444444E-002  7.165793103E-002 
 9.479166667E-002  7.164896552E-002 
 9.513888889E-002  7.164000000E-002 
 9.548611111E-002  7.163103448E-002 
 9.583333333E-002  7.162206897E-002 
 9.618055556E-002  7.161310345E-002 
 9.652777778E-002  7.160413793E-002 
 9.687500000E-002  7.159517241E-002 
 9.722222222E-002  7.158620690E-002 
 9.756944444E-002  7.155310345E-002 
 9.791666667E-002  7.152000000E-002 
 9.826388889E-002  7.148689655E-002 
 9.861111111E-002  7.145379310E-002 
 9.895833333E-002  7.142068966E-002 
 9.930555556E-002  7.138758621E-002 
 9.965277778E-002  7.135448276E-002 
 1.000000000E-001  7.132137931E-002 
 1.003472222E-001  7.128827586E-002 
 1.006944444E-001  7.125517241E-002 
 1.010416667E-001  7.122206897E-002 
 1.013888889E-001  7.118896552E-002 
 1.017361111E-001  7.115586207E-002 
 1.020833333E-001  7.112275862E-002 
 1.024305556E-001  7.108965517E-002 
 1.027777778E-001  7.105655172E-002 
 1.031250000E-001  7.102344828E-002 
 1.034722222E-001  7.099034483E-002 
 1.038194444E-001  7.095724138E-002 
 1.041666667E-001  7.092413793E-002 
 1.045138889E-001  7.089103448E-002 
 1.048611111E-001  7.085793103E-002 
 1.052083333E-001  7.082482759E-002 
 1.055555556E-001  7.079172414E-002 
 1.059027778E-001  7.075862069E-002 
 1.062500000E-001  7.072551724E-002 
 1.065972222E-001  7.069241379E-002 
 1.069444444E-001  7.065931034E-002 
 1.072916667E-001  7.062620690E-002 
 1.076388889E-001  7.059310345E-002 
 1.079861111E-001  7.056000000E-002 
 1.083333333E-001  7.052689655E-002 
 1.086805556E-001  7.049379310E-002 
 1.090277778E-001  7.046068966E-002 
 1.093750000E-001  7.042758621E-002 
 1.097222222E-001  7.039448276E-002 
 1.100694444E-001  7.036137931E-002 
 1.104166667E-001  7.032827586E-002 
 1.107638889E-001  7.029517241E-002 
 1.111111111E-001  7.026206897E-002 
 1.114583333E-001  7.022896552E-002 
 1.118055556E-001  7.019586207E-002 
 1.121527778E-001  7.016275862E-002 
 1.125000000E-001  7.012965517E-002 
 1.128472222E-001  7.009655172E-002 
 1.131944444E-001  7.006344828E-002 
 1.135416667E-001  7.003034483E-002 
 1.138888889E-001  6.999724138E-002 
 1.142361111E-001  6.996413793E-002 
 1.145833333E-001  6.993103448E-002 
 1.149305556E-001  6.989793103E-002 
 1.152777778E-001  6.986482759E-002 
 1.156250000E-001  6.983172414E-002 
 1.159722222E-001  6.979862069E-002 
 1.163194444E-001  6.976551724E-002 
 1.166666667E-001  6.973241379E-002 
 1.170138889E-001  6.969931034E-002 
 1.173611111E-001  6.966620690E-002 
 1.177083333E-001  6.963310345E-002 
 1.180555556E-001  6.960000000E-002 
 1.184027778E-001  6.956689655E-002 
 1.187500000E-001  6.953379310E-002 
 1.190972222E-001  6.950068966E-002 
 1.194444444E-001  6.946758621E-002 
 1.197916667E-001  6.943448276E-002 
 1.201388889E-001  6.940137931E-002 
 1.204861111E-001  6.936827586E-002 
 1.208333333E-001  6.933517241E-002 
 1.211805556E-001  6.930206897E-002 
 1.215277778E-001  6.926896552E-002 
 1.218750000E-001  6.923586207E-002 
 1.222222222E-001  6.920275862E-002 
 1.225694444E-001  6.916965517E-002 
 1.229166667E-001  6.913655172E-002 
 1.232638889E-001  6.910344828E-002 
 1.236111111E-001  6.907034483E-002 
 1.239583333E-001  6.903724138E-002 
 1.243055556E-001  6.900413793E-002 
 1.246527778E-001  6.897103448E-002 
 1.250000000E-001  6.893793103E-002 
 1.253472222E-001  6.890482759E-002 
 1.256944444E-001  6.887172414E-002 
 1.260416667E-001  6.883862069E-002 
 1.263888889E-001  6.880551724E-002 
 1.267361111E-001  6.877241379E-002 
 1.270833333E-001  6.873931034E-002 
 1.274305556E-001  6.870620690E-002 
 1.277777778E-001  6.867310345E-002 
 1.281250000E-001  6.864000000E-002 
 1.284722222E-001  6.860689655E-002 
 1.288194444E-001  6.857379310E-002 
 1.291666667E-001  6.854068966E-002 
 1.295138889E-001  6.850758621E-002 
 1.298611111E-001  6.847448276E-002 
 1.302083333E-001  6.844137931E-002 
 1.305555556E-001  6.840827586E-002 
 1.309027778E-001  6.837517241E-002 
 1.312500000E-001  6.834206897E-002 
 1.315972222E-001  6.830896552E-002 
 1.319444444E-001  6.827586207E-002 
 1.322916667E-001  6.826924138E-002 
 1.326388889E-001  6.826262069E-002 
 1.329861111E-001  6.825600000E-002 
 1.333333333E-001  6.824937931E-002 
 1.336805556E-001  6.824275862E-002 
 1.340277778E-001  6.823613793E-002 
 1.343750000E-001  6.822951724E-002 
 1.347222222E-001  6.822289655E-002 
 1.350694444E-001  6.821627586E-002 
 1.354166667E-001  6.820965517E-002 
 1.357638889E-001  6.820303448E-002 
 1.361111111E-001  6.819641379E-002 
 1.364583333E-001  6.818979310E-002 
 1.368055556E-001  6.818317241E-002 
 1.371527778E-001  6.817655172E-002 
 1.375000000E-001  6.816993103E-002 
 1.378472222E-001  6.816331034E-002 
 1.381944444E-001  6.815668966E-002 
 1.385416667E-001  6.815006897E-002 
 1.388888889E-001  6.814344828E-002 
 1.392361111E-001  6.813682759E-002 
 1.395833333E-001  6.813020690E-002 
 1.399305556E-001  6.812358621E-002 
 1.402777778E-001  6.811696552E-002 
 1.406250000E-001  6.811034483E-002 
 1.409722222E-001  6.810372414E-002 
 1.413194444E-001  6.809710345E-002 
 1.416666667E-001  6.809048276E-002 
 1.420138889E-001  6.808386207E-002 
 1.423611111E-001  6.807724138E-002 
 1.427083333E-001  6.807062069E-002 
 1.430555556E-001  6.806400000E-002 
 1.434027778E-001  6.805737931E-002 
 1.437500000E-001  6.805075862E-002 
 1.440972222E-001  6.804413793E-002 
 1.444444444E-001  6.803751724E-002 
 1.447916667E-001  6.803089655E-002 
 1.451388889E-001  6.802427586E-002 
 1.454861111E-001  6.801765517E-002 
 1.458333333E-001  6.801103448E-002 
 1.461805556E-001  6.800441379E-002 
 1.465277778E-001  6.799779310E-002 
 1.468750000E-001  6.799117241E-002 
 1.472222222E-001  6.798455172E-002 
 1.475694444E-001  6.797793103E-002 
 1.479166667E-001  6.797131034E-002 
 1.482638889E-001  6.796468966E-002 
 1.486111111E-001  6.795806897E-002 
 1.489583333E-001  6.795144828E-002 
 1.493055556E-001  6.794482759E-002 
 1.496527778E-001  6.793820690E-002 
 1.500000000E-001  6.793158621E-002 
 1.503472222E-001  6.792496552E-002 
 1.506944444E-001  6.791834483E-002 
 1.510416667E-001  6.791172414E-002 
 1.513888889E-001  6.790510345E-002 
 1.517361111E-001  6.789848276E-002 
 1.520833333E-001  6.789186207E-002 
 1.524305556E-001  6.788524138E-002 
 1.527777778E-001  6.787862069E-002 
 1.531250000E-001  6.787200000E-002 
 1.534722222E-001  6.786537931E-002 
 1.538194444E-001  6.785875862E-002 
 1.541666667E-001  6.785213793E-002 
 1.545138889E-001  6.784551724E-002 
 1.548611111E-001  6.783889655E-002 
 1.552083333E-001  6.783227586E-002 
 1.555555556E-001  6.782565517E-002 
 1.559027778E-001  6.781903448E-002 
 1.562500000E-001  6.781241379E-002 
 1.565972222E-001  6.780579310E-002 
 1.569444444E-001  6.779917241E-002 
 1.572916667E-001  6.779255172E-002 
 1.576388889E-001  6.778593103E-002 
 1.579861111E-001  6.777931034E-002 
 1.583333333E-001  6.777268966E-002 
 1.586805556E-001  6.776606897E-002 
 1.590277778E-001  6.775944828E-002 
 1.593750000E-001  6.775282759E-002 
 1.597222222E-001  6.774620690E-002 
 1.600694444E-001  6.773958621E-002 
 1.604166667E-001  6.773296552E-002 
 1.607638889E-001  6.772634483E-002 
 1.611111111E-001  6.771972414E-002 
 1.614583333E-001  6.771310345E-002 
 1.618055556E-001  6.770648276E-002 
 1.621527778E-001  6.769986207E-002 
 1.625000000E-001  6.769324138E-002 
 1.628472222E-001  6.768662069E-002 
 1.631944444E-001  6.768000000E-002 
 1.635416667E-001  6.767337931E-002 
 1.638888889E-001  6.766675862E-002 
 1.642361111E-001  6.766013793E-002 
 1.645833333E-001  6.765351724E-002 
 1.649305556E-001  6.764689655E-002 
 1.652777778E-001  6.764027586E-002 
 1.656250000E-001  6.763365517E-002 
 1.659722222E-001  6.762703448E-002 
 1.663194444E-001  6.762041379E-002 
 1.666666667E-001  6.761379310E-002 
 1.670138889E-001  6.760717241E-002 
 1.673611111E-001  6.760055172E-002 
 1.677083333E-001  6.759393103E-002 
 1.680555556E-001  6.758731034E-002 
 1.684027778E-001  6.758068966E-002 
 1.687500000E-001  6.757406897E-002 
 1.690972222E-001  6.756744828E-002 
 1.694444444E-001  6.756082759E-002 
 1.697916667E-001  6.755420690E-002 
 1.701388889E-001  6.754758621E-002 
 1.704861111E-001  6.754096552E-002 
 1.708333333E-001  6.753434483E-002 
 1.711805556E-001  6.752772414E-002 
 1.715277778E-001  6.752110345E-002 
 1.718750000E-001  6.751448276E-002 
 1.722222222E-001  6.750786207E-002 
 1.725694444E-001  6.750124138E-002 
 1.729166667E-001  6.749462069E-002 
 1.732638889E-001  6.748800000E-002 
 1.736111111E-001  6.748137931E-002 
 1.739583333E-001  6.747475862E-002 
 1.743055556E-001  6.746813793E-002 
 1.746527778E-001  6.746151724E-002 
 1.750000000E-001  6.745489655E-002 
 1.753472222E-001  6.744827586E-002 
 1.756944444E-001  6.744165517E-002 
 1.760416667E-001  6.743503448E-002 
 1.763888889E-001  6.742841379E-002 
 1.767361111E-001  6.742179310E-002 
 1.770833333E-001  6.741517241E-002 
 1.774305556E-001  6.740855172E-002 
 1.777777778E-001  6.740193103E-002 
 1.781250000E-001  6.739531034E-002 
 1.784722222E-001  6.738868966E-002 
 1.788194444E-001  6.738206897E-002 
 1.791666667E-001  6.737544828E-002 
 1.795138889E-001  6.736882759E-002 
 1.798611111E-001  6.736220690E-002 
 1.802083333E-001  6.735558621E-002 
 1.805555556E-001  6.734896552E-002 
 1.809027778E-001  6.734234483E-002 
 1.812500000E-001  6.733572414E-002 
 1.815972222E-001  6.732910345E-002 
 1.819444444E-001  6.732248276E-002 
 1.822916667E-001  6.731586207E-002 
 1.826388889E-001  6.730924138E-002 
 1.829861111E-001  6.730262069E-002 
 1.833333333E-001  6.729600000E-002 
 1.836805556E-001  6.728937931E-002 
 1.840277778E-001  6.728275862E-002 
 1.843750000E-001  6.727613793E-002 
 1.847222222E-001  6.726951724E-002 
 1.850694444E-001  6.726289655E-002 
 1.854166667E-001  6.725627586E-002 
 1.857638889E-001  6.724965517E-002 
 1.861111111E-001  6.724303448E-002 
 1.864583333E-001  6.723641379E-002 
 1.868055556E-001  6.722979310E-002 
 1.871527778E-001  6.722317241E-002 
 1.875000000E-001  6.721655172E-002 
 1.878472222E-001  6.720993103E-002 
 1.881944444E-001  6.720331034E-002 
 1.885416667E-001  6.719668966E-002 
 1.888888889E-001  6.719006897E-002 
 1.892361111E-001  6.718344828E-002 
 1.895833333E-001  6.717682759E-002 
 1.899305556E-001  6.717020690E-002 
 1.902777778E-001  6.716358621E-002 
 1.906250000E-001  6.715696552E-002 
 1.909722222E-001  6.715034483E-002 
 1.913194444E-001  6.714372414E-002 
 1.916666667E-001  6.713710345E-002 
 1.920138889E-001  6.713048276E-002 
 1.923611111E-001  6.712386207E-002 
 1.927083333E-001  6.711724138E-002 
 1.930555556E-001  6.711062069E-002 
 1.934027778E-001  6.710400000E-002 
 1.937500000E-001  6.709737931E-002 
 1.940972222E-001  6.709075862E-002 
 1.944444444E-001  6.708413793E-002 
 1.947916667E-001  6.707751724E-002 
 1.951388889E-001  6.707089655E-002 
 1.954861111E-001  6.706427586E-002 
 1.958333333E-001  6.705765517E-002 
 1.961805556E-001  6.705103448E-002 
 1.965277778E-001  6.704441379E-002 
 1.968750000E-001  6.703779310E-002 
 1.972222222E-001  6.703117241E-002 
 1.975694444E-001  6.702455172E-002 
 1.979166667E-001  6.701793103E-002 
 1.982638889E-001  6.701131034E-002 
 1.986111111E-001  6.700468966E-002 
 1.989583333E-001  6.699806897E-002 
 1.993055556E-001  6.699144828E-002 
 1.996527778E-001  6.698482759E-002 
 2.000000000E-001  6.697820690E-002 
 2.003472222E-001  6.697158621E-002 
 2.006944444E-001  6.696496552E-002 
 2.010416667E-001  6.695834483E-002 
 2.013888889E-001  6.695172414E-002 
 2.017361111E-001  6.694510345E-002 
 2.020833333E-001  6.693848276E-002 
 2.024305556E-001  6.693186207E-002 
 2.027777778E-001  6.692524138E-002 
 2.031250000E-001  6.691862069E-002 
 2.034722222E-001  6.691200000E-002 
 2.038194444E-001  6.690537931E-002 
 2.041666667E-001  6.689875862E-002 
 2.045138889E-001  6.689213793E-002 
 2.048611111E-001  6.688551724E-002 
 2.052083333E-001  6.687889655E-002 
 2.055555556E-001  6.687227586E-002 
 2.059027778E-001  6.686565517E-002 
 2.062500000E-001  6.685903448E-002 
 2.065972222E-001  6.685241379E-002 
 2.069444444E-001  6.684579310E-002 
 2.072916667E-001  6.683917241E-002 
 2.076388889E-001  6.683255172E-002 
 2.079861111E-001  6.682593103E-002 
 2.083333333E-001  6.681931034E-002 
 2.086805556E-001  6.681268966E-002 
 2.090277778E-001  6.680606897E-002 
 2.093750000E-001  6.679944828E-002 
 2.097222222E-001  6.679282759E-002 
 2.100694444E-001  6.678620690E-002 
 2.104166667E-001  6.677958621E-002 
 2.107638889E-001  6.677296552E-002 
 2.111111111E-001  6.676634483E-002 
 2.114583333E-001  6.675972414E-002 
 2.118055556E-001  6.675310345E-002 
 2.121527778E-001  6.674648276E-002 
 2.125000000E-001  6.673986207E-002 
 2.128472222E-001  6.673324138E-002 
 2.131944444E-001  6.672662069E-002 
 2.135416667E-001  6.672000000E-002 
 2.138888889E-001  6.671337931E-002 
 2.142361111E-001  6.670675862E-002 
 2.145833333E-001  6.670013793E-002 
 2.149305556E-001  6.669351724E-002 
 2.152777778E-001  6.668689655E-002 
 2.156250000E-001  6.668027586E-002 
 2.159722222E-001  6.667365517E-002 
 2.163194444E-001  6.666703448E-002 
 2.166666667E-001  6.666041379E-002 
 2.170138889E-001  6.665379310E-002 
 2.173611111E-001  6.664717241E-002 
 2.177083333E-001  6.664055172E-002 
 2.180555556E-001  6.663393103E-002 
 2.184027778E-001  6.662731034E-002 
 2.187500000E-001  6.662068966E-002 
 2.190972222E-001  6.661406897E-002 
 2.194444444E-001  6.660744828E-002 
 2.197916667E-001  6.660082759E-002 
 2.201388889E-001  6.659420690E-002 
 2.204861111E-001  6.658758621E-002 
 2.208333333E-001  6.658096552E-002 
 2.211805556E-001  6.657434483E-002 
 2.215277778E-001  6.656772414E-002 
 2.218750000E-001  6.656110345E-002 
 2.222222222E-001  6.655448276E-002 
 2.225694444E-001  6.654786207E-002 
 2.229166667E-001  6.654124138E-002 
 2.232638889E-001  6.653462069E-002 
 2.236111111E-001  6.652800000E-002 
 2.239583333E-001  6.652137931E-002 
 2.243055556E-001  6.651475862E-002 
 2.246527778E-001  6.650813793E-002 
 2.250000000E-001  6.650151724E-002 
 2.253472222E-001  6.649489655E-002 
 2.256944444E-001  6.648827586E-002 
 2.260416667E-001  6.648165517E-002 
 2.263888889E-001  6.647503448E-002 
 2.267361111E-001  6.646841379E-002 
 2.270833333E-001  6.646179310E-002 
 2.274305556E-001  6.645517241E-002 
 2.277777778E-001  6.644855172E-002 
 2.281250000E-001  6.644193103E-002 
 2.284722222E-001  6.643531034E-002 
 2.288194444E-001  6.642868966E-002 
 2.291666667E-001  6.642206897E-002 
 2.295138889E-001  6.641544828E-002 
 2.298611111E-001  6.640882759E-002 
 2.302083333E-001  6.640220690E-002 
 2.305555556E-001  6.639558621E-002 
 2.309027778E-001  6.638896552E-002 
 2.312500000E-001  6.638234483E-002 
 2.315972222E-001  6.637572414E-002 
 2.319444444E-001  6.636910345E-002 
 2.322916667E-001  6.636248276E-002 
 2.326388889E-001  6.635586207E-002 
 2.329861111E-001  6.634924138E-002 
 2.333333333E-001  6.634262069E-002 
 2.336805556E-001  6.633600000E-002 
 2.340277778E-001  6.632937931E-002 
 2.343750000E-001  6.632275862E-002 
 2.347222222E-001  6.631613793E-002 
 2.350694444E-001  6.630951724E-002 
 2.354166667E-001  6.630289655E-002 
 2.357638889E-001  6.629627586E-002 
 2.361111111E-001  6.628965517E-002 
 2.364583333E-001  6.628303448E-002 
 2.368055556E-001  6.627641379E-002 
 2.371527778E-001  6.626979310E-002 
 2.375000000E-001  6.626317241E-002 
 2.378472222E-001  6.625655172E-002 
 2.381944444E-001  6.624993103E-002 
 2.385416667E-001  6.624331034E-002 
 2.388888889E-001  6.623668966E-002 
 2.392361111E-001  6.623006897E-002 
 2.395833333E-001  6.622344828E-002 
 2.399305556E-001  6.621682759E-002 
 2.402777778E-001  6.621020690E-002 
 2.406250000E-001  6.620358621E-002 
 2.409722222E-001  6.619696552E-002 
 2.413194444E-001  6.619034483E-002 
 2.416666667E-001  6.618372414E-002 
 2.420138889E-001  6.617710345E-002 
 2.423611111E-001  6.617048276E-002 
 2.427083333E-001  6.616386207E-002 
 2.430555556E-001  6.615724138E-002 
 2.434027778E-001  6.615062069E-002 
 2.437500000E-001  6.614400000E-002 
 2.440972222E-001  6.613737931E-002 
 2.444444444E-001  6.613075862E-002 
 2.447916667E-001  6.612413793E-002 
 2.451388889E-001  6.611751724E-002 
 2.454861111E-001  6.611089655E-002 
 2.458333333E-001  6.610427586E-002 
 2.461805556E-001  6.609765517E-002 
 2.465277778E-001  6.609103448E-002 
 2.468750000E-001  6.608441379E-002 
 2.472222222E-001  6.607779310E-002 
 2.475694444E-001  6.607117241E-002 
 2.479166667E-001  6.606455172E-002 
 2.482638889E-001  6.605793103E-002 
 2.486111111E-001  6.605131034E-002 
 2.489583333E-001  6.604468966E-002 
 2.493055556E-001  6.603806897E-002 
 2.496527778E-001  6.603144828E-002 
 2.500000000E-001  6.602482759E-002 
 2.503472222E-001  6.601820690E-002 
 2.506944444E-001  6.601158621E-002 
 2.510416667E-001  6.600496552E-002 
 2.513888889E-001  6.599834483E-002 
 2.517361111E-001  6.599172414E-002 
 2.520833333E-001  6.598510345E-002 
 2.524305556E-001  6.597848276E-002 
 2.527777778E-001  6.597186207E-002 
 2.531250000E-001  6.596524138E-002 
 2.534722222E-001  6.595862069E-002 
 2.538194444E-001  6.595200000E-002 
 2.541666667E-001  6.594537931E-002 
 2.545138889E-001  6.593875862E-002 
 2.548611111E-001  6.593213793E-002 
 2.552083333E-001  6.592551724E-002 
 2.555555556E-001  6.591889655E-002 
 2.559027778E-001  6.591227586E-002 
 2.562500000E-001  6.590565517E-002 
 2.565972222E-001  6.589903448E-002 
 2.569444444E-001  6.589241379E-002 
 2.572916667E-001  6.588579310E-002 
 2.576388889E-001  6.587917241E-002 
 2.579861111E-001  6.587255172E-002 
 2.583333333E-001  6.586593103E-002 
 2.586805556E-001  6.585931034E-002 
 2.590277778E-001  6.585268966E-002 
 2.593750000E-001  6.584606897E-002 
 2.597222222E-001  6.583944828E-002 
 2.600694444E-001  6.583282759E-002 
 2.604166667E-001  6.582620690E-002 
 2.607638889E-001  6.581958621E-002 
 2.611111111E-001  6.581296552E-002 
 2.614583333E-001  6.580634483E-002 
 2.618055556E-001  6.579972414E-002 
 2.621527778E-001  6.579310345E-002 
 2.625000000E-001  6.578648276E-002 
 2.628472222E-001  6.577986207E-002 
 2.631944444E-001  6.577324138E-002 
 2.635416667E-001  6.576662069E-002 
 2.638888889E-001  6.576000000E-002 
 2.642361111E-001  6.575337931E-002 
 2.645833333E-001  6.574675862E-002 
 2.649305556E-001  6.574013793E-002 
 2.652777778E-001  6.573351724E-002 
 2.656250000E-001  6.572689655E-002 
 2.659722222E-001  6.572027586E-002 
 2.663194444E-001  6.571365517E-002 
 2.666666667E-001  6.570703448E-002 
 2.670138889E-001  6.570041379E-002 
 2.673611111E-001  6.569379310E-002 
 2.677083333E-001  6.568717241E-002 
 2.680555556E-001  6.568055172E-002 
 2.684027778E-001  6.567393103E-002 
 2.687500000E-001  6.566731034E-002 
 2.690972222E-001  6.566068966E-002 
 2.694444444E-001  6.565406897E-002 
 2.697916667E-001  6.564744828E-002 
 2.701388889E-001  6.564082759E-002 
 2.704861111E-001  6.563420690E-002 
 2.708333333E-001  6.562758621E-002 
 2.711805556E-001  6.562096552E-002 
 2.715277778E-001  6.561434483E-002 
 2.718750000E-001  6.560772414E-002 
 2.722222222E-001  6.560110345E-002 
 2.725694444E-001  6.559448276E-002 
 2.729166667E-001  6.558786207E-002 
 2.732638889E-001  6.558124138E-002 
 2.736111111E-001  6.557462069E-002 
 2.739583333E-001  6.556800000E-002 
 2.743055556E-001  6.556137931E-002 
 2.746527778E-001  6.555475862E-002 
 2.750000000E-001  6.554813793E-002 
 2.753472222E-001  6.554151724E-002 
 2.756944444E-001  6.553489655E-002 
 2.760416667E-001  6.552827586E-002 
 2.763888889E-001  6.552165517E-002 
 2.767361111E-001  6.551503448E-002 
 2.770833333E-001  6.550841379E-002 
 2.774305556E-001  6.550179310E-002 
 2.777777778E-001  6.549517241E-002 
 2.781250000E-001  6.548855172E-002 
 2.784722222E-001  6.548193103E-002 
 2.788194444E-001  6.547531034E-002 
 2.791666667E-001  6.546868966E-002 
 2.795138889E-001  6.546206897E-002 
 2.798611111E-001  6.545544828E-002 
 2.802083333E-001  6.544882759E-002 
 2.805555556E-001  6.544220690E-002 
 2.809027778E-001  6.543558621E-002 
 2.812500000E-001  6.542896552E-002 
 2.815972222E-001  6.542234483E-002 
 2.819444444E-001  6.541572414E-002 
 2.822916667E-001  6.540910345E-002 
 2.826388889E-001  6.540248276E-002 
 2.829861111E-001  6.539586207E-002 
 2.833333333E-001  6.538924138E-002 
 2.836805556E-001  6.538262069E-002 
 2.840277778E-001  6.537600000E-002 
 2.843750000E-001  6.536937931E-002 
 2.847222222E-001  6.536275862E-002 
 2.850694444E-001  6.535613793E-002 
 2.854166667E-001  6.534951724E-002 
 2.857638889E-001  6.534289655E-002 
 2.861111111E-001  6.533627586E-002 
 2.864583333E-001  6.532965517E-002 
 2.868055556E-001  6.532303448E-002 
 2.871527778E-001  6.531641379E-002 
 2.875000000E-001  6.530979310E-002 
 2.878472222E-001  6.530317241E-002 
 2.881944444E-001  6.529655172E-002 
 2.885416667E-001  6.528993103E-002 
 2.888888889E-001  6.528331034E-002 
 2.892361111E-001  6.527668966E-002 
 2.895833333E-001  6.527006897E-002 
 2.899305556E-001  6.526344828E-002 
 2.902777778E-001  6.525682759E-002 
 2.906250000E-001  6.525020690E-002 
 2.909722222E-001  6.524358621E-002 
 2.913194444E-001  6.523696552E-002 
 2.916666667E-001  6.523034483E-002 
 2.920138889E-001  6.522372414E-002 
 2.923611111E-001  6.521710345E-002 
 2.927083333E-001  6.521048276E-002 
 2.930555556E-001  6.520386207E-002 
 2.934027778E-001  6.519724138E-002 
 2.937500000E-001  6.519062069E-002 
 2.940972222E-001  6.518400000E-002 
 2.944444444E-001  6.517737931E-002 
 2.947916667E-001  6.517075862E-002 
 2.951388889E-001  6.516413793E-002 
 2.954861111E-001  6.515751724E-002 
 2.958333333E-001  6.515089655E-002 
 2.961805556E-001  6.514427586E-002 
 2.965277778E-001  6.513765517E-002 
 2.968750000E-001  6.513103448E-002 
 2.972222222E-001  6.512441379E-002 
 2.975694444E-001  6.511779310E-002 
 2.979166667E-001  6.511117241E-002 
 2.982638889E-001  6.510455172E-002 
 2.986111111E-001  6.509793103E-002 
 2.989583333E-001  6.509131034E-002 
 2.993055556E-001  6.508468966E-002 
 2.996527778E-001  6.507806897E-002 
 3.000000000E-001  6.507144828E-002 
 3.003472222E-001  6.506482759E-002 
 3.006944444E-001  6.505820690E-002 
 3.010416667E-001  6.505158621E-002 
 3.013888889E-001  6.504496552E-002 
 3.017361111E-001  6.503834483E-002 
 3.020833333E-001  6.503172414E-002 
 3.024305556E-001  6.502510345E-002 
 3.027777778E-001  6.501848276E-002 
 3.031250000E-001  6.501186207E-002 
 3.034722222E-001  6.500524138E-002 
 3.038194444E-001  6.499862069E-002 
 3.041666667E-001  6.499200000E-002 
 3.045138889E-001  6.498537931E-002 
 3.048611111E-001  6.497875862E-002 
 3.052083333E-001  6.497213793E-002 
 3.055555556E-001  6.496551724E-002 
 3.059027778E-001  6.495213793E-002 
 3.062500000E-001  6.493875862E-002 
 3.065972222E-001  6.492537931E-002 
 3.069444444E-001  6.491200000E-002 
 3.072916667E-001  6.489862069E-002 
 3.076388889E-001  6.488524138E-002 
 3.079861111E-001  6.487186207E-002 
 3.083333333E-001  6.485848276E-002 
 3.086805556E-001  6.484510345E-002 
 3.090277778E-001  6.483172414E-002 
 3.093750000E-001  6.481834483E-002 
 3.097222222E-001  6.480496552E-002 
 3.100694444E-001  6.479158621E-002 
 3.104166667E-001  6.477820690E-002 
 3.107638889E-001  6.476482759E-002 
 3.111111111E-001  6.475144828E-002 
 3.114583333E-001  6.473806897E-002 
 3.118055556E-001  6.472468966E-002 
 3.121527778E-001  6.471131034E-002 
 3.125000000E-001  6.469793103E-002 
 3.128472222E-001  6.468455172E-002 
 3.131944444E-001  6.467117241E-002 
 3.135416667E-001  6.465779310E-002 
 3.138888889E-001  6.464441379E-002 
 3.142361111E-001  6.463103448E-002 
 3.145833333E-001  6.461765517E-002 
 3.149305556E-001  6.460427586E-002 
 3.152777778E-001  6.459089655E-002 
 3.156250000E-001  6.457751724E-002 
 3.159722222E-001  6.456413793E-002 
 3.163194444E-001  6.455075862E-002 
 3.166666667E-001  6.453737931E-002 
 3.170138889E-001  6.452400000E-002 
 3.173611111E-001  6.451062069E-002 
 3.177083333E-001  6.449724138E-002 
 3.180555556E-001  6.448386207E-002 
 3.184027778E-001  6.447048276E-002 
 3.187500000E-001  6.445710345E-002 
 3.190972222E-001  6.444372414E-002 
 3.194444444E-001  6.443034483E-002 
 3.197916667E-001  6.441696552E-002 
 3.201388889E-001  6.440358621E-002 
 3.204861111E-001  6.439020690E-002 
 3.208333333E-001  6.437682759E-002 
 3.211805556E-001  6.436344828E-002 
 3.215277778E-001  6.435006897E-002 
 3.218750000E-001  6.433668966E-002 
 3.222222222E-001  6.432331034E-002 
 3.225694444E-001  6.430993103E-002 
 3.229166667E-001  6.429655172E-002 
 3.232638889E-001  6.428317241E-002 
 3.236111111E-001  6.426979310E-002 
 3.239583333E-001  6.425641379E-002 
 3.243055556E-001  6.424303448E-002 
 3.246527778E-001  6.422965517E-002 
 3.250000000E-001  6.421627586E-002 
 3.253472222E-001  6.420289655E-002 
 3.256944444E-001  6.418951724E-002 
 3.260416667E-001  6.417613793E-002 
 3.263888889E-001  6.416275862E-002 
 3.267361111E-001  6.414937931E-002 
 3.270833333E-001  6.413600000E-002 
 3.274305556E-001  6.412262069E-002 
 3.277777778E-001  6.410924138E-002 
 3.281250000E-001  6.409586207E-002 
 3.284722222E-001  6.408248276E-002 
 3.288194444E-001  6.406910345E-002 
 3.291666667E-001  6.405572414E-002 
 3.295138889E-001  6.404234483E-002 
 3.298611111E-001  6.402896552E-002 
 3.302083333E-001  6.401558621E-002 
 3.305555556E-001  6.400220690E-002 
 3.309027778E-001  6.398882759E-002 
 3.312500000E-001  6.397544828E-002 
 3.315972222E-001  6.396206897E-002 
 3.319444444E-001  6.394868966E-002 
 3.322916667E-001  6.393531034E-002 
 3.326388889E-001  6.392193103E-002 
 3.329861111E-001  6.390855172E-002 
 3.333333333E-001  6.389517241E-002 
 3.336805556E-001  6.388179310E-002 
 3.340277778E-001  6.386841379E-002 
 3.343750000E-001  6.385503448E-002 
 3.347222222E-001  6.384165517E-002 
 3.350694444E-001  6.382827586E-002 
 3.354166667E-001  6.381489655E-002 
 3.357638889E-001  6.380151724E-002 
 3.361111111E-001  6.378813793E-002 
 3.364583333E-001  6.377475862E-002 
 3.368055556E-001  6.376137931E-002 
 3.371527778E-001  6.374800000E-002 
 3.375000000E-001  6.373462069E-002 
 3.378472222E-001  6.372124138E-002 
 3.381944444E-001  6.370786207E-002 
 3.385416667E-001  6.369448276E-002 
 3.388888889E-001  6.368110345E-002 
 3.392361111E-001  6.366772414E-002 
 3.395833333E-001  6.365434483E-002 
 3.399305556E-001  6.364096552E-002 
 3.402777778E-001  6.362758621E-002 
 3.406250000E-001  6.361420690E-002 
 3.409722222E-001  6.360082759E-002 
 3.413194444E-001  6.358744828E-002 
 3.416666667E-001  6.357406897E-002 
 3.420138889E-001  6.356068966E-002 
 3.423611111E-001  6.354731034E-002 
 3.427083333E-001  6.353393103E-002 
 3.430555556E-001  6.352055172E-002 
 3.434027778E-001  6.350717241E-002 
 3.437500000E-001  6.349379310E-002 
 3.440972222E-001  6.348041379E-002 
 3.444444444E-001  6.346703448E-002 
 3.447916667E-001  6.345365517E-002 
 3.451388889E-001  6.344027586E-002 
 3.454861111E-001  6.342689655E-002 
 3.458333333E-001  6.341351724E-002 
 3.461805556E-001  6.340013793E-002 
 3.465277778E-001  6.338675862E-002 
 3.468750000E-001  6.337337931E-002 
 3.472222222E-001  6.336000000E-002 
 3.475694444E-001  6.334662069E-002 
 3.479166667E-001  6.333324138E-002 
 3.482638889E-001  6.331986207E-002 
 3.486111111E-001  6.330648276E-002 
 3.489583333E-001  6.329310345E-002 
 3.493055556E-001  6.327972414E-002 
 3.496527778E-001  6.326634483E-002 
 3.500000000E-001  6.325296552E-002 
 3.503472222E-001  6.323958621E-002 
 3.506944444E-001  6.322620690E-002 
 3.510416667E-001  6.321282759E-002 
 3.513888889E-001  6.319944828E-002 
 3.517361111E-001  6.318606897E-002 
 3.520833333E-001  6.317268966E-002 
 3.524305556E-001  6.315931034E-002 
 3.527777778E-001  6.314593103E-002 
 3.531250000E-001  6.313255172E-002 
 3.534722222E-001  6.311917241E-002 
 3.538194444E-001  6.310579310E-002 
 3.541666667E-001  6.309241379E-002 
 3.545138889E-001  6.307903448E-002 
 3.548611111E-001  6.306565517E-002 
 3.552083333E-001  6.305227586E-002 
 3.555555556E-001  6.303889655E-002 
 3.559027778E-001  6.302551724E-002 
 3.562500000E-001  6.301213793E-002 
 3.565972222E-001  6.299875862E-002 
 3.569444444E-001  6.298537931E-002 
 3.572916667E-001  6.297200000E-002 
 3.576388889E-001  6.295862069E-002 
 3.579861111E-001  6.294524138E-002 
 3.583333333E-001  6.293186207E-002 
 3.586805556E-001  6.291848276E-002 
 3.590277778E-001  6.290510345E-002 
 3.593750000E-001  6.289172414E-002 
 3.597222222E-001  6.287834483E-002 
 3.600694444E-001  6.286496552E-002 
 3.604166667E-001  6.285158621E-002 
 3.607638889E-001  6.283820690E-002 
 3.611111111E-001  6.282482759E-002 
 3.614583333E-001  6.281144828E-002 
 3.618055556E-001  6.279806897E-002 
 3.621527778E-001  6.278468966E-002 
 3.625000000E-001  6.277131034E-002 
 3.628472222E-001  6.275793103E-002 
 3.631944444E-001  6.274455172E-002 
 3.635416667E-001  6.273117241E-002 
 3.638888889E-001  6.271779310E-002 
 3.642361111E-001  6.270441379E-002 
 3.645833333E-001  6.269103448E-002 
 3.649305556E-001  6.267765517E-002 
 3.652777778E-001  6.266427586E-002 
 3.656250000E-001  6.265089655E-002 
 3.659722222E-001  6.263751724E-002 
 3.663194444E-001  6.262413793E-002 
 3.666666667E-001  6.261075862E-002 
 3.670138889E-001  6.259737931E-002 
 3.673611111E-001  6.258400000E-002 
 3.677083333E-001  6.257062069E-002 
 3.680555556E-001  6.255724138E-002 
 3.684027778E-001  6.254386207E-002 
 3.687500000E-001  6.253048276E-002 
 3.690972222E-001  6.251710345E-002 
 3.694444444E-001  6.250372414E-002 
 3.697916667E-001  6.249034483E-002 
 3.701388889E-001  6.247696552E-002 
 3.704861111E-001  6.246358621E-002 
 3.708333333E-001  6.245020690E-002 
 3.711805556E-001  6.243682759E-002 
 3.715277778E-001  6.242344828E-002 
 3.718750000E-001  6.241006897E-002 
 3.722222222E-001  6.239668966E-002 
 3.725694444E-001  6.238331034E-002 
 3.729166667E-001  6.236993103E-002 
 3.732638889E-001  6.235655172E-002 
 3.736111111E-001  6.234317241E-002 
 3.739583333E-001  6.232979310E-002 
 3.743055556E-001  6.231641379E-002 
 3.746527778E-001  6.230303448E-002 
 3.750000000E-001  6.228965517E-002 
 3.753472222E-001  6.227627586E-002 
 3.756944444E-001  6.226289655E-002 
 3.760416667E-001  6.224951724E-002 
 3.763888889E-001  6.223613793E-002 
 3.767361111E-001  6.222275862E-002 
 3.770833333E-001  6.220937931E-002 
 3.774305556E-001  6.219600000E-002 
 3.777777778E-001  6.218262069E-002 
 3.781250000E-001  6.216924138E-002 
 3.784722222E-001  6.215586207E-002 
 3.788194444E-001  6.214248276E-002 
 3.791666667E-001  6.212910345E-002 
 3.795138889E-001  6.211572414E-002 
 3.798611111E-001  6.210234483E-002 
 3.802083333E-001  6.208896552E-002 
 3.805555556E-001  6.207558621E-002 
 3.809027778E-001  6.206220690E-002 
 3.812500000E-001  6.204882759E-002 
 3.815972222E-001  6.203544828E-002 
 3.819444444E-001  6.202206897E-002 
 3.822916667E-001  6.200868966E-002 
 3.826388889E-001  6.199531034E-002 
 3.829861111E-001  6.198193103E-002 
 3.833333333E-001  6.196855172E-002 
 3.836805556E-001  6.195517241E-002 
 3.840277778E-001  6.194179310E-002 
 3.843750000E-001  6.192841379E-002 
 3.847222222E-001  6.191503448E-002 
 3.850694444E-001  6.190165517E-002 
 3.854166667E-001  6.188827586E-002 
 3.857638889E-001  6.187489655E-002 
 3.861111111E-001  6.186151724E-002 
 3.864583333E-001  6.184813793E-002 
 3.868055556E-001  6.183475862E-002 
 3.871527778E-001  6.182137931E-002 
 3.875000000E-001  6.180800000E-002 
 3.878472222E-001  6.179462069E-002 
 3.881944444E-001  6.178124138E-002 
 3.885416667E-001  6.176786207E-002 
 3.888888889E-001  6.175448276E-002 
 3.892361111E-001  6.174110345E-002 
 3.895833333E-001  6.172772414E-002 
 3.899305556E-001  6.171434483E-002 
 3.902777778E-001  6.170096552E-002 
 3.906250000E-001  6.168758621E-002 
 3.909722222E-001  6.167420690E-002 
 3.913194444E-001  6.166082759E-002 
 3.916666667E-001  6.164744828E-002 
 3.920138889E-001  6.163406897E-002 
 3.923611111E-001  6.162068966E-002 
 3.927083333E-001  6.160731034E-002 
 3.930555556E-001  6.159393103E-002 
 3.934027778E-001  6.158055172E-002 
 3.937500000E-001  6.156717241E-002 
 3.940972222E-001  6.155379310E-002 
 3.944444444E-001  6.154041379E-002 
 3.947916667E-001  6.152703448E-002 
 3.951388889E-001  6.151365517E-002 
 3.954861111E-001  6.150027586E-002 
 3.958333333E-001  6.148689655E-002 
 3.961805556E-001  6.147351724E-002 
 3.965277778E-001  6.146013793E-002 
 3.968750000E-001  6.144675862E-002 
 3.972222222E-001  6.143337931E-002 
 3.975694444E-001  6.142000000E-002 
 3.979166667E-001  6.140662069E-002 
 3.982638889E-001  6.139324138E-002 
 3.986111111E-001  6.137986207E-002 
 3.989583333E-001  6.136648276E-002 
 3.993055556E-001  6.135310345E-002 
 3.996527778E-001  6.133972414E-002 
 4.000000000E-001  6.132634483E-002 
 4.003472222E-001  6.131296552E-002 
 4.006944444E-001  6.129958621E-002 
 4.010416667E-001  6.128620690E-002 
 4.013888889E-001  6.127282759E-002 
 4.017361111E-001  6.125944828E-002 
 4.020833333E-001  6.124606897E-002 
 4.024305556E-001  6.123268966E-002 
 4.027777778E-001  6.121931034E-002 
 4.031250000E-001  6.120593103E-002 
 4.034722222E-001  6.119255172E-002 
 4.038194444E-001  6.117917241E-002 
 4.041666667E-001  6.116579310E-002 
 4.045138889E-001  6.115241379E-002 
 4.048611111E-001  6.113903448E-002 
 4.052083333E-001  6.112565517E-002 
 4.055555556E-001  6.111227586E-002 
 4.059027778E-001  6.109889655E-002 
 4.062500000E-001  6.108551724E-002 
 4.065972222E-001  6.107213793E-002 
 4.069444444E-001  6.105875862E-002 
 4.072916667E-001  6.104537931E-002 
 4.076388889E-001  6.103200000E-002 
 4.079861111E-001  6.101862069E-002 
 4.083333333E-001  6.100524138E-002 
 4.086805556E-001  6.099186207E-002 
 4.090277778E-001  6.097848276E-002 
 4.093750000E-001  6.096510345E-002 
 4.097222222E-001  6.095172414E-002 
 4.100694444E-001  6.093834483E-002 
 4.104166667E-001  6.092496552E-002 
 4.107638889E-001  6.091158621E-002 
 4.111111111E-001  6.089820690E-002 
 4.114583333E-001  6.088482759E-002 
 4.118055556E-001  6.087144828E-002 
 4.121527778E-001  6.085806897E-002 
 4.125000000E-001  6.084468966E-002 
 4.128472222E-001  6.083131034E-002 
 4.131944444E-001  6.081793103E-002 
 4.135416667E-001  6.080455172E-002 
 4.138888889E-001  6.079117241E-002 
 4.142361111E-001  6.077779310E-002 
 4.145833333E-001  6.076441379E-002 
 4.149305556E-001  6.075103448E-002 
 4.152777778E-001  6.073765517E-002 
 4.156250000E-001  6.072427586E-002 
 4.159722222E-001  6.071089655E-002 
 4.163194444E-001  6.069751724E-002 
 4.166666667E-001  6.068413793E-002 
 4.170138889E-001  6.067075862E-002 
 4.173611111E-001  6.065737931E-002 
 4.177083333E-001  6.064400000E-002 
 4.180555556E-001  6.063062069E-002 
 4.184027778E-001  6.061724138E-002 
 4.187500000E-001  6.060386207E-002 
 4.190972222E-001  6.059048276E-002 
 4.194444444E-001  6.057710345E-002 
 4.197916667E-001  6.056372414E-002 
 4.201388889E-001  6.055034483E-002 
 4.204861111E-001  6.053696552E-002 
 4.208333333E-001  6.052358621E-002 
 4.211805556E-001  6.051020690E-002 
 4.215277778E-001  6.049682759E-002 
 4.218750000E-001  6.048344828E-002 
 4.222222222E-001  6.047006897E-002 
 4.225694444E-001  6.045668966E-002 
 4.229166667E-001  6.044331034E-002 
 4.232638889E-001  6.042993103E-002 
 4.236111111E-001  6.041655172E-002 
 4.239583333E-001  6.040317241E-002 
 4.243055556E-001  6.038979310E-002 
 4.246527778E-001  6.037641379E-002 
 4.250000000E-001  6.036303448E-002 
 4.253472222E-001  6.034965517E-002 
 4.256944444E-001  6.033627586E-002 
 4.260416667E-001  6.032289655E-002 
 4.263888889E-001  6.030951724E-002 
 4.267361111E-001  6.029613793E-002 
 4.270833333E-001  6.028275862E-002 
 4.274305556E-001  6.026937931E-002 
 4.277777778E-001  6.025600000E-002 
 4.281250000E-001  6.024262069E-002 
 4.284722222E-001  6.022924138E-002 
 4.288194444E-001  6.021586207E-002 
 4.291666667E-001  6.020248276E-002 
 4.295138889E-001  6.018910345E-002 
 4.298611111E-001  6.017572414E-002 
 4.302083333E-001  6.016234483E-002 
 4.305555556E-001  6.014896552E-002 
 4.309027778E-001  6.013558621E-002 
 4.312500000E-001  6.012220690E-002 
 4.315972222E-001  6.010882759E-002 
 4.319444444E-001  6.009544828E-002 
 4.322916667E-001  6.008206897E-002 
 4.326388889E-001  6.006868966E-002 
 4.329861111E-001  6.005531034E-002 
 4.333333333E-001  6.004193103E-002 
 4.336805556E-001  6.002855172E-002 
 4.340277778E-001  6.001517241E-002 
 4.343750000E-001  6.000179310E-002 
 4.347222222E-001  5.998841379E-002 
 4.350694444E-001  5.997503448E-002 
 4.354166667E-001  5.996165517E-002 
 4.357638889E-001  5.994827586E-002 
 4.361111111E-001  5.993489655E-002 
 4.364583333E-001  5.992151724E-002 
 4.368055556E-001  5.990813793E-002 
 4.371527778E-001  5.989475862E-002 
 4.375000000E-001  5.988137931E-002 
 4.378472222E-001  5.986800000E-002 
 4.381944444E-001  5.985462069E-002 
 4.385416667E-001  5.984124138E-002 
 4.388888889E-001  5.982786207E-002 
 4.392361111E-001  5.981448276E-002 
 4.395833333E-001  5.980110345E-002 
 4.399305556E-001  5.978772414E-002 
 4.402777778E-001  5.977434483E-002 
 4.406250000E-001  5.976096552E-002 
 4.409722222E-001  5.974758621E-002 
 4.413194444E-001  5.973420690E-002 
 4.416666667E-001  5.972082759E-002 
 4.420138889E-001  5.970744828E-002 
 4.423611111E-001  5.969406897E-002 
 4.427083333E-001  5.968068966E-002 
 4.430555556E-001  5.966731034E-002 
 4.434027778E-001  5.965393103E-002 
 4.437500000E-001  5.964055172E-002 
 4.440972222E-001  5.962717241E-002 
 4.444444444E-001  5.961379310E-002 
 4.447916667E-001  5.960041379E-002 
 4.451388889E-001  5.958703448E-002 
 4.454861111E-001  5.957365517E-002 
 4.458333333E-001  5.956027586E-002 
 4.461805556E-001  5.954689655E-002 
 4.465277778E-001  5.953351724E-002 
 4.468750000E-001  5.952013793E-002 
 4.472222222E-001  5.950675862E-002 
 4.475694444E-001  5.949337931E-002 
 4.479166667E-001  5.948000000E-002 
 4.482638889E-001  5.946662069E-002 
 4.486111111E-001  5.945324138E-002 
 4.489583333E-001  5.943986207E-002 
 4.493055556E-001  5.942648276E-002 
 4.496527778E-001  5.941310345E-002 
 4.500000000E-001  5.939972414E-002 
 4.503472222E-001  5.938634483E-002 
 4.506944444E-001  5.937296552E-002 
 4.510416667E-001  5.935958621E-002 
 4.513888889E-001  5.934620690E-002 
 4.517361111E-001  5.933282759E-002 
 4.520833333E-001  5.931944828E-002 
 4.524305556E-001  5.930606897E-002 
 4.527777778E-001  5.929268966E-002 
 4.531250000E-001  5.927931034E-002 
 4.534722222E-001  5.926593103E-002 
 4.538194444E-001  5.925255172E-002 
 4.541666667E-001  5.923917241E-002 
 4.545138889E-001  5.922579310E-002 
 4.548611111E-001  5.921241379E-002 
 4.552083333E-001  5.919903448E-002 
 4.555555556E-001  5.918565517E-002 
 4.559027778E-001  5.917227586E-002 
 4.562500000E-001  5.915889655E-002 
 4.565972222E-001  5.914551724E-002 
 4.569444444E-001  5.913213793E-002 
 4.572916667E-001  5.911875862E-002 
 4.576388889E-001  5.910537931E-002 
 4.579861111E-001  5.909200000E-002 
 4.583333333E-001  5.907862069E-002 
 4.586805556E-001  5.906524138E-002 
 4.590277778E-001  5.905186207E-002 
 4.593750000E-001  5.903848276E-002 
 4.597222222E-001  5.902510345E-002 
 4.600694444E-001  5.901172414E-002 
 4.604166667E-001  5.899834483E-002 
 4.607638889E-001  5.898496552E-002 
 4.611111111E-001  5.897158621E-002 
 4.614583333E-001  5.895820690E-002 
 4.618055556E-001  5.894482759E-002 
 4.621527778E-001  5.893144828E-002 
 4.625000000E-001  5.891806897E-002 
 4.628472222E-001  5.890468966E-002 
 4.631944444E-001  5.889131034E-002 
 4.635416667E-001  5.887793103E-002 
 4.638888889E-001  5.886455172E-002 
 4.642361111E-001  5.885117241E-002 
 4.645833333E-001  5.883779310E-002 
 4.649305556E-001  5.882441379E-002 
 4.652777778E-001  5.881103448E-002 
 4.656250000E-001  5.879765517E-002 
 4.659722222E-001  5.878427586E-002 
 4.663194444E-001  5.877089655E-002 
 4.666666667E-001  5.875751724E-002 
 4.670138889E-001  5.874413793E-002 
 4.673611111E-001  5.873075862E-002 
 4.677083333E-001  5.871737931E-002 
 4.680555556E-001  5.870400000E-002 
 4.684027778E-001  5.869062069E-002 
 4.687500000E-001  5.867724138E-002 
 4.690972222E-001  5.866386207E-002 
 4.694444444E-001  5.865048276E-002 
 4.697916667E-001  5.863710345E-002 
 4.701388889E-001  5.862372414E-002 
 4.704861111E-001  5.861034483E-002 
 4.708333333E-001  5.859696552E-002 
 4.711805556E-001  5.858358621E-002 
 4.715277778E-001  5.857020690E-002 
 4.718750000E-001  5.855682759E-002 
 4.722222222E-001  5.854344828E-002 
 4.725694444E-001  5.853006897E-002 
 4.729166667E-001  5.851668966E-002 
 4.732638889E-001  5.850331034E-002 
 4.736111111E-001  5.848993103E-002 
 4.739583333E-001  5.847655172E-002 
 4.743055556E-001  5.846317241E-002 
 4.746527778E-001  5.844979310E-002 
 4.750000000E-001  5.843641379E-002 
 4.753472222E-001  5.842303448E-002 
 4.756944444E-001  5.840965517E-002 
 4.760416667E-001  5.839627586E-002 
 4.763888889E-001  5.838289655E-002 
 4.767361111E-001  5.836951724E-002 
 4.770833333E-001  5.835613793E-002 
 4.774305556E-001  5.834275862E-002 
 4.777777778E-001  5.832937931E-002 
 4.781250000E-001  5.831600000E-002 
 4.784722222E-001  5.830262069E-002 
 4.788194444E-001  5.828924138E-002 
 4.791666667E-001  5.827586207E-002 
 4.795138889E-001  5.826593103E-002 
 4.798611111E-001  5.825600000E-002 
 4.802083333E-001  5.824606897E-002 
 4.805555556E-001  5.823613793E-002 
 4.809027778E-001  5.822620690E-002 
 4.812500000E-001  5.821627586E-002 
 4.815972222E-001  5.820634483E-002 
 4.819444444E-001  5.819641379E-002 
 4.822916667E-001  5.818648276E-002 
 4.826388889E-001  5.817655172E-002 
 4.829861111E-001  5.816662069E-002 
 4.833333333E-001  5.815668966E-002 
 4.836805556E-001  5.814675862E-002 
 4.840277778E-001  5.813682759E-002 
 4.843750000E-001  5.812689655E-002 
 4.847222222E-001  5.811696552E-002 
 4.850694444E-001  5.810703448E-002 
 4.854166667E-001  5.809710345E-002 
 4.857638889E-001  5.808717241E-002 
 4.861111111E-001  5.807724138E-002 
 4.864583333E-001  5.806731034E-002 
 4.868055556E-001  5.805737931E-002 
 4.871527778E-001  5.804744828E-002 
 4.875000000E-001  5.803751724E-002 
 4.878472222E-001  5.802758621E-002 
 4.881944444E-001  5.801765517E-002 
 4.885416667E-001  5.800772414E-002 
 4.888888889E-001  5.799779310E-002 
 4.892361111E-001  5.798786207E-002 
 4.895833333E-001  5.797793103E-002 
 4.899305556E-001  5.796800000E-002 
 4.902777778E-001  5.795806897E-002 
 4.906250000E-001  5.794813793E-002 
 4.909722222E-001  5.793820690E-002 
 4.913194444E-001  5.792827586E-002 
 4.916666667E-001  5.791834483E-002 
 4.920138889E-001  5.790841379E-002 
 4.923611111E-001  5.789848276E-002 
 4.927083333E-001  5.788855172E-002 
 4.930555556E-001  5.787862069E-002 
 4.934027778E-001  5.786868966E-002 
 4.937500000E-001  5.785875862E-002 
 4.940972222E-001  5.784882759E-002 
 4.944444444E-001  5.783889655E-002 
 4.947916667E-001  5.782896552E-002 
 4.951388889E-001  5.781903448E-002 
 4.954861111E-001  5.780910345E-002 
 4.958333333E-001  5.779917241E-002 
 4.961805556E-001  5.778924138E-002 
 4.965277778E-001  5.777931034E-002 
 4.968750000E-001  5.776937931E-002 
 4.972222222E-001  5.775944828E-002 
 4.975694444E-001  5.774951724E-002 
 4.979166667E-001  5.773958621E-002 
 4.982638889E-001  5.772965517E-002 
 4.986111111E-001  5.771972414E-002 
 4.989583333E-001  5.770979310E-002 
 4.993055556E-001  5.769986207E-002 
 4.996527778E-001  5.768993103E-002 
 5.000000000E-001  5.768000000E-002 
 5.003472222E-001  5.767006897E-002 
 5.006944444E-001  5.766013793E-002 
 5.010416667E-001  5.765020690E-002 
 5.013888889E-001  5.764027586E-002 
 5.017361111E-001  5.763034483E-002 
 5.020833333E-001  5.762041379E-002 
 5.024305556E-001  5.761048276E-002 
 5.027777778E-001  5.760055172E-002 
 5.031250000E-001  5.759062069E-002 
 5.034722222E-001  5.758068966E-002 
 5.038194444E-001  5.757075862E-002 
 5.041666667E-001  5.756082759E-002 
 5.045138889E-001  5.755089655E-002 
 5.048611111E-001  5.754096552E-002 
 5.052083333E-001  5.753103448E-002 
 5.055555556E-001  5.752110345E-002 
 5.059027778E-001  5.751117241E-002 
 5.062500000E-001  5.750124138E-002 
 5.065972222E-001  5.749131034E-002 
 5.069444444E-001  5.748137931E-002 
 5.072916667E-001  5.747144828E-002 
 5.076388889E-001  5.746151724E-002 
 5.079861111E-001  5.745158621E-002 
 5.083333333E-001  5.744165517E-002 
 5.086805556E-001  5.743172414E-002 
 5.090277778E-001  5.742179310E-002 
 5.093750000E-001  5.741186207E-002 
 5.097222222E-001  5.740193103E-002 
 5.100694444E-001  5.739200000E-002 
 5.104166667E-001  5.738206897E-002 
 5.107638889E-001  5.737213793E-002 
 5.111111111E-001  5.736220690E-002 
 5.114583333E-001  5.735227586E-002 
 5.118055556E-001  5.734234483E-002 
 5.121527778E-001  5.733241379E-002 
 5.125000000E-001  5.732248276E-002 
 5.128472222E-001  5.731255172E-002 
 5.131944444E-001  5.730262069E-002 
 5.135416667E-001  5.729268966E-002 
 5.138888889E-001  5.728275862E-002 
 5.142361111E-001  5.727282759E-002 
 5.145833333E-001  5.726289655E-002 
 5.149305556E-001  5.725296552E-002 
 5.152777778E-001  5.724303448E-002 
 5.156250000E-001  5.723310345E-002 
 5.159722222E-001  5.722317241E-002 
 5.163194444E-001  5.721324138E-002 
 5.166666667E-001  5.720331034E-002 
 5.170138889E-001  5.719337931E-002 
 5.173611111E-001  5.718344828E-002 
 5.177083333E-001  5.717351724E-002 
 5.180555556E-001  5.716358621E-002 
 5.184027778E-001  5.715365517E-002 
 5.187500000E-001  5.714372414E-002 
 5.190972222E-001  5.713379310E-002 
 5.194444444E-001  5.712386207E-002 
 5.197916667E-001  5.711393103E-002 
 5.201388889E-001  5.710400000E-002 
 5.204861111E-001  5.709406897E-002 
 5.208333333E-001  5.708413793E-002 
 5.211805556E-001  5.707420690E-002 
 5.215277778E-001  5.706427586E-002 
 5.218750000E-001  5.705434483E-002 
 5.222222222E-001  5.704441379E-002 
 5.225694444E-001  5.703448276E-002 
 5.229166667E-001  5.702455172E-002 
 5.232638889E-001  5.701462069E-002 
 5.236111111E-001  5.700468966E-002 
 5.239583333E-001  5.699475862E-002 
 5.243055556E-001  5.698482759E-002 
 5.246527778E-001  5.697489655E-002 
 5.250000000E-001  5.696496552E-002 
 5.253472222E-001  5.695503448E-002 
 5.256944444E-001  5.694510345E-002 
 5.260416667E-001  5.693517241E-002 
 5.263888889E-001  5.692524138E-002 
 5.267361111E-001  5.691531034E-002 
 5.270833333E-001  5.690537931E-002 
 5.274305556E-001  5.689544828E-002 
 5.277777778E-001  5.688551724E-002 
 5.281250000E-001  5.687558621E-002 
 5.284722222E-001  5.686565517E-002 
 5.288194444E-001  5.685572414E-002 
 5.291666667E-001  5.684579310E-002 
 5.295138889E-001  5.683586207E-002 
 5.298611111E-001  5.682593103E-002 
 5.302083333E-001  5.681600000E-002 
 5.305555556E-001  5.680606897E-002 
 5.309027778E-001  5.679613793E-002 
 5.312500000E-001  5.678620690E-002 
 5.315972222E-001  5.677627586E-002 
 5.319444444E-001  5.676634483E-002 
 5.322916667E-001  5.675641379E-002 
 5.326388889E-001  5.674648276E-002 
 5.329861111E-001  5.673655172E-002 
 5.333333333E-001  5.672662069E-002 
 5.336805556E-001  5.671668966E-002 
 5.340277778E-001  5.670675862E-002 
 5.343750000E-001  5.669682759E-002 
 5.347222222E-001  5.668689655E-002 
 5.350694444E-001  5.667696552E-002 
 5.354166667E-001  5.666703448E-002 
 5.357638889E-001  5.665710345E-002 
 5.361111111E-001  5.664717241E-002 
 5.364583333E-001  5.663724138E-002 
 5.368055556E-001  5.662731034E-002 
 5.371527778E-001  5.661737931E-002 
 5.375000000E-001  5.660744828E-002 
 5.378472222E-001  5.659751724E-002 
 5.381944444E-001  5.658758621E-002 
 5.385416667E-001  5.657765517E-002 
 5.388888889E-001  5.656772414E-002 
 5.392361111E-001  5.655779310E-002 
 5.395833333E-001  5.654786207E-002 
 5.399305556E-001  5.653793103E-002 
 5.402777778E-001  5.652800000E-002 
 5.406250000E-001  5.651806897E-002 
 5.409722222E-001  5.650813793E-002 
 5.413194444E-001  5.649820690E-002 
 5.416666667E-001  5.648827586E-002 
 5.420138889E-001  5.647834483E-002 
 5.423611111E-001  5.646841379E-002 
 5.427083333E-001  5.645848276E-002 
 5.430555556E-001  5.644855172E-002 
 5.434027778E-001  5.643862069E-002 
 5.437500000E-001  5.642868966E-002 
 5.440972222E-001  5.641875862E-002 
 5.444444444E-001  5.640882759E-002 
 5.447916667E-001  5.639889655E-002 
 5.451388889E-001  5.638896552E-002 
 5.454861111E-001  5.637903448E-002 
 5.458333333E-001  5.636910345E-002 
 5.461805556E-001  5.635917241E-002 
 5.465277778E-001  5.634924138E-002 
 5.468750000E-001  5.633931034E-002 
 5.472222222E-001  5.632937931E-002 
 5.475694444E-001  5.631944828E-002 
 5.479166667E-001  5.630951724E-002 
 5.482638889E-001  5.629958621E-002 
 5.486111111E-001  5.628965517E-002 
 5.489583333E-001  5.627972414E-002 
 5.493055556E-001  5.626979310E-002 
 5.496527778E-001  5.625986207E-002 
 5.500000000E-001  5.624993103E-002 
 5.503472222E-001  5.624000000E-002 
 5.506944444E-001  5.623006897E-002 
 5.510416667E-001  5.622013793E-002 
 5.513888889E-001  5.621020690E-002 
 5.517361111E-001  5.620027586E-002 
 5.520833333E-001  5.619034483E-002 
 5.524305556E-001  5.618041379E-002 
 5.527777778E-001  5.617048276E-002 
 5.531250000E-001  5.616055172E-002 
 5.534722222E-001  5.615062069E-002 
 5.538194444E-001  5.614068966E-002 
 5.541666667E-001  5.613075862E-002 
 5.545138889E-001  5.612082759E-002 
 5.548611111E-001  5.611089655E-002 
 5.552083333E-001  5.610096552E-002 
 5.555555556E-001  5.609103448E-002 
 5.559027778E-001  5.608110345E-002 
 5.562500000E-001  5.607117241E-002 
 5.565972222E-001  5.606124138E-002 
 5.569444444E-001  5.605131034E-002 
 5.572916667E-001  5.604137931E-002 
 5.576388889E-001  5.603144828E-002 
 5.579861111E-001  5.602151724E-002 
 5.583333333E-001  5.601158621E-002 
 5.586805556E-001  5.600165517E-002 
 5.590277778E-001  5.599172414E-002 
 5.593750000E-001  5.598179310E-002 
 5.597222222E-001  5.597186207E-002 
 5.600694444E-001  5.596193103E-002 
 5.604166667E-001  5.595200000E-002 
 5.607638889E-001  5.594206897E-002 
 5.611111111E-001  5.593213793E-002 
 5.614583333E-001  5.592220690E-002 
 5.618055556E-001  5.591227586E-002 
 5.621527778E-001  5.590234483E-002 
 5.625000000E-001  5.589241379E-002 
 5.628472222E-001  5.588248276E-002 
 5.631944444E-001  5.587255172E-002 
 5.635416667E-001  5.586262069E-002 
 5.638888889E-001  5.585268966E-002 
 5.642361111E-001  5.584275862E-002 
 5.645833333E-001  5.583282759E-002 
 5.649305556E-001  5.582289655E-002 
 5.652777778E-001  5.581296552E-002 
 5.656250000E-001  5.580303448E-002 
 5.659722222E-001  5.579310345E-002 
 5.663194444E-001  5.578317241E-002 
 5.666666667E-001  5.577324138E-002 
 5.670138889E-001  5.576331034E-002 
 5.673611111E-001  5.575337931E-002 
 5.677083333E-001  5.574344828E-002 
 5.680555556E-001  5.573351724E-002 
 5.684027778E-001  5.572358621E-002 
 5.687500000E-001  5.571365517E-002 
 5.690972222E-001  5.570372414E-002 
 5.694444444E-001  5.569379310E-002 
 5.697916667E-001  5.568386207E-002 
 5.701388889E-001  5.567393103E-002 
 5.704861111E-001  5.566400000E-002 
 5.708333333E-001  5.565406897E-002 
 5.711805556E-001  5.564413793E-002 
 5.715277778E-001  5.563420690E-002 
 5.718750000E-001  5.562427586E-002 
 5.722222222E-001  5.561434483E-002 
 5.725694444E-001  5.560441379E-002 
 5.729166667E-001  5.559448276E-002 
 5.732638889E-001  5.558455172E-002 
 5.736111111E-001  5.557462069E-002 
 5.739583333E-001  5.556468966E-002 
 5.743055556E-001  5.555475862E-002 
 5.746527778E-001  5.554482759E-002 
 5.750000000E-001  5.553489655E-002 
 5.753472222E-001  5.552496552E-002 
 5.756944444E-001  5.551503448E-002 
 5.760416667E-001  5.550510345E-002 
 5.763888889E-001  5.549517241E-002 
 5.767361111E-001  5.548524138E-002 
 5.770833333E-001  5.547531034E-002 
 5.774305556E-001  5.546537931E-002 
 5.777777778E-001  5.545544828E-002 
 5.781250000E-001  5.544551724E-002 
 5.784722222E-001  5.543558621E-002 
 5.788194444E-001  5.542565517E-002 
 5.791666667E-001  5.541572414E-002 
 5.795138889E-001  5.540579310E-002 
 5.798611111E-001  5.539586207E-002 
 5.802083333E-001  5.538593103E-002 
 5.805555556E-001  5.537600000E-002 
 5.809027778E-001  5.536606897E-002 
 5.812500000E-001  5.535613793E-002 
 5.815972222E-001  5.534620690E-002 
 5.819444444E-001  5.533627586E-002 
 5.822916667E-001  5.532634483E-002 
 5.826388889E-001  5.531641379E-002 
 5.829861111E-001  5.530648276E-002 
 5.833333333E-001  5.529655172E-002 
 5.836805556E-001  5.528662069E-002 
 5.840277778E-001  5.527668966E-002 
 5.843750000E-001  5.526675862E-002 
 5.847222222E-001  5.525682759E-002 
 5.850694444E-001  5.524689655E-002 
 5.854166667E-001  5.523696552E-002 
 5.857638889E-001  5.522703448E-002 
 5.861111111E-001  5.521710345E-002 
 5.864583333E-001  5.520717241E-002 
 5.868055556E-001  5.519724138E-002 
 5.871527778E-001  5.518731034E-002 
 5.875000000E-001  5.517737931E-002 
 5.878472222E-001  5.516744828E-002 
 5.881944444E-001  5.515751724E-002 
 5.885416667E-001  5.514758621E-002 
 5.888888889E-001  5.513765517E-002 
 5.892361111E-001  5.512772414E-002 
 5.895833333E-001  5.511779310E-002 
 5.899305556E-001  5.510786207E-002 
 5.902777778E-001  5.509793103E-002 
 5.906250000E-001  5.508800000E-002 
 5.909722222E-001  5.507806897E-002 
 5.913194444E-001  5.506813793E-002 
 5.916666667E-001  5.505820690E-002 
 5.920138889E-001  5.504827586E-002 
 5.923611111E-001  5.503834483E-002 
 5.927083333E-001  5.502841379E-002 
 5.930555556E-001  5.501848276E-002 
 5.934027778E-001  5.500855172E-002 
 5.937500000E-001  5.499862069E-002 
 5.940972222E-001  5.498868966E-002 
 5.944444444E-001  5.497875862E-002 
 5.947916667E-001  5.496882759E-002 
 5.951388889E-001  5.495889655E-002 
 5.954861111E-001  5.494896552E-002 
 5.958333333E-001  5.493903448E-002 
 5.961805556E-001  5.492910345E-002 
 5.965277778E-001  5.491917241E-002 
 5.968750000E-001  5.490924138E-002 
 5.972222222E-001  5.489931034E-002 
 5.975694444E-001  5.488937931E-002 
 5.979166667E-001  5.487944828E-002 
 5.982638889E-001  5.486951724E-002 
 5.986111111E-001  5.485958621E-002 
 5.989583333E-001  5.484965517E-002 
 5.993055556E-001  5.483972414E-002 
 5.996527778E-001  5.482979310E-002 
 6.000000000E-001  5.481986207E-002 
 6.003472222E-001  5.480993103E-002 
 6.006944444E-001  5.480000000E-002 
 6.010416667E-001  5.479006897E-002 
 6.013888889E-001  5.478013793E-002 
 6.017361111E-001  5.477020690E-002 
 6.020833333E-001  5.476027586E-002 
 6.024305556E-001  5.475034483E-002 
 6.027777778E-001  5.474041379E-002 
 6.031250000E-001  5.473048276E-002 
 6.034722222E-001  5.472055172E-002 
 6.038194444E-001  5.471062069E-002 
 6.041666667E-001  5.470068966E-002 
 6.045138889E-001  5.469075862E-002 
 6.048611111E-001  5.468082759E-002 
 6.052083333E-001  5.467089655E-002 
 6.055555556E-001  5.466096552E-002 
 6.059027778E-001  5.465103448E-002 
 6.062500000E-001  5.464110345E-002 
 6.065972222E-001  5.463117241E-002 
 6.069444444E-001  5.462124138E-002 
 6.072916667E-001  5.461131034E-002 
 6.076388889E-001  5.460137931E-002 
 6.079861111E-001  5.459144828E-002 
 6.083333333E-001  5.458151724E-002 
 6.086805556E-001  5.457158621E-002 
 6.090277778E-001  5.456165517E-002 
 6.093750000E-001  5.455172414E-002 
 6.097222222E-001  5.454179310E-002 
 6.100694444E-001  5.453186207E-002 
 6.104166667E-001  5.452193103E-002 
 6.107638889E-001  5.451200000E-002 
 6.111111111E-001  5.450206897E-002 
 6.114583333E-001  5.449213793E-002 
 6.118055556E-001  5.448220690E-002 
 6.121527778E-001  5.447227586E-002 
 6.125000000E-001  5.446234483E-002 
 6.128472222E-001  5.445241379E-002 
 6.131944444E-001  5.444248276E-002 
 6.135416667E-001  5.443255172E-002 
 6.138888889E-001  5.442262069E-002 
 6.142361111E-001  5.441268966E-002 
 6.145833333E-001  5.440275862E-002 
 6.149305556E-001  5.439282759E-002 
 6.152777778E-001  5.438289655E-002 
 6.156250000E-001  5.437296552E-002 
 6.159722222E-001  5.436303448E-002 
 6.163194444E-001  5.435310345E-002 
 6.166666667E-001  5.434317241E-002 
 6.170138889E-001  5.433324138E-002 
 6.173611111E-001  5.432331034E-002 
 6.177083333E-001  5.431337931E-002 
 6.180555556E-001  5.430344828E-002 
 6.184027778E-001  5.429351724E-002 
 6.187500000E-001  5.428358621E-002 
 6.190972222E-001  5.427365517E-002 
 6.194444444E-001  5.426372414E-002 
 6.197916667E-001  5.425379310E-002 
 6.201388889E-001  5.424386207E-002 
 6.204861111E-001  5.423393103E-002 
 6.208333333E-001  5.422400000E-002 
 6.211805556E-001  5.421406897E-002 
 6.215277778E-001  5.420413793E-002 
 6.218750000E-001  5.419420690E-002 
 6.222222222E-001  5.418427586E-002 
 6.225694444E-001  5.417434483E-002 
 6.229166667E-001  5.416441379E-002 
 6.232638889E-001  5.415448276E-002 
 6.236111111E-001  5.414455172E-002 
 6.239583333E-001  5.413462069E-002 
 6.243055556E-001  5.412468966E-002 
 6.246527778E-001  5.411475862E-002 
 6.250000000E-001  5.410482759E-002 
 6.253472222E-001  5.409489655E-002 
 6.256944444E-001  5.408496552E-002 
 6.260416667E-001  5.407503448E-002 
 6.263888889E-001  5.406510345E-002 
 6.267361111E-001  5.405517241E-002 
 6.270833333E-001  5.404524138E-002 
 6.274305556E-001  5.403531034E-002 
 6.277777778E-001  5.402537931E-002 
 6.281250000E-001  5.401544828E-002 
 6.284722222E-001  5.400551724E-002 
 6.288194444E-001  5.399558621E-002 
 6.291666667E-001  5.398565517E-002 
 6.295138889E-001  5.397572414E-002 
 6.298611111E-001  5.396579310E-002 
 6.302083333E-001  5.395586207E-002 
 6.305555556E-001  5.394593103E-002 
 6.309027778E-001  5.393600000E-002 
 6.312500000E-001  5.392606897E-002 
 6.315972222E-001  5.391613793E-002 
 6.319444444E-001  5.390620690E-002 
 6.322916667E-001  5.389627586E-002 
 6.326388889E-001  5.388634483E-002 
 6.329861111E-001  5.387641379E-002 
 6.333333333E-001  5.386648276E-002 
 6.336805556E-001  5.385655172E-002 
 6.340277778E-001  5.384662069E-002 
 6.343750000E-001  5.383668966E-002 
 6.347222222E-001  5.382675862E-002 
 6.350694444E-001  5.381682759E-002 
 6.354166667E-001  5.380689655E-002 
 6.357638889E-001  5.379696552E-002 
 6.361111111E-001  5.378703448E-002 
 6.364583333E-001  5.377710345E-002 
 6.368055556E-001  5.376717241E-002 
 6.371527778E-001  5.375724138E-002 
 6.375000000E-001  5.374731034E-002 
 6.378472222E-001  5.373737931E-002 
 6.381944444E-001  5.372744828E-002 
 6.385416667E-001  5.371751724E-002 
 6.388888889E-001  5.370758621E-002 
 6.392361111E-001  5.369765517E-002 
 6.395833333E-001  5.368772414E-002 
 6.399305556E-001  5.367779310E-002 
 6.402777778E-001  5.366786207E-002 
 6.406250000E-001  5.365793103E-002 
 6.409722222E-001  5.364800000E-002 
 6.413194444E-001  5.363806897E-002 
 6.416666667E-001  5.362813793E-002 
 6.420138889E-001  5.361820690E-002 
 6.423611111E-001  5.360827586E-002 
 6.427083333E-001  5.359834483E-002 
 6.430555556E-001  5.358841379E-002 
 6.434027778E-001  5.357848276E-002 
 6.437500000E-001  5.356855172E-002 
 6.440972222E-001  5.355862069E-002 
 6.444444444E-001  5.354868966E-002 
 6.447916667E-001  5.353875862E-002 
 6.451388889E-001  5.352882759E-002 
 6.454861111E-001  5.351889655E-002 
 6.458333333E-001  5.350896552E-002 
 6.461805556E-001  5.349903448E-002 
 6.465277778E-001  5.348910345E-002 
 6.468750000E-001  5.347917241E-002 
 6.472222222E-001  5.346924138E-002 
 6.475694444E-001  5.345931034E-002 
 6.479166667E-001  5.344937931E-002 
 6.482638889E-001  5.343944828E-002 
 6.486111111E-001  5.342951724E-002 
 6.489583333E-001  5.341958621E-002 
 6.493055556E-001  5.340965517E-002 
 6.496527778E-001  5.339972414E-002 
 6.500000000E-001  5.338979310E-002 
 6.503472222E-001  5.337986207E-002 
 6.506944444E-001  5.336993103E-002 
 6.510416667E-001  5.336000000E-002 
 6.513888889E-001  5.335006897E-002 
 6.517361111E-001  5.334013793E-002 
 6.520833333E-001  5.333020690E-002 
 6.524305556E-001  5.332027586E-002 
 6.527777778E-001  5.331034483E-002 
 6.531250000E-001  5.332193103E-002 
 6.534722222E-001  5.333351724E-002 
 6.538194444E-001  5.334510345E-002 
 6.541666667E-001  5.335668966E-002 
 6.545138889E-001  5.336827586E-002 
 6.548611111E-001  5.337986207E-002 
 6.552083333E-001  5.339144828E-002 
 6.555555556E-001  5.340303448E-002 
 6.559027778E-001  5.341462069E-002 
 6.562500000E-001  5.342620690E-002 
 6.565972222E-001  5.343779310E-002 
 6.569444444E-001  5.344937931E-002 
 6.572916667E-001  5.346096552E-002 
 6.576388889E-001  5.347255172E-002 
 6.579861111E-001  5.348413793E-002 
 6.583333333E-001  5.349572414E-002 
 6.586805556E-001  5.350731034E-002 
 6.590277778E-001  5.351889655E-002 
 6.593750000E-001  5.353048276E-002 
 6.597222222E-001  5.354206897E-002 
 6.600694444E-001  5.355365517E-002 
 6.604166667E-001  5.356524138E-002 
 6.607638889E-001  5.357682759E-002 
 6.611111111E-001  5.358841379E-002 
 6.614583333E-001  5.360000000E-002 
 6.618055556E-001  5.361158621E-002 
 6.621527778E-001  5.362317241E-002 
 6.625000000E-001  5.363475862E-002 
 6.628472222E-001  5.364634483E-002 
 6.631944444E-001  5.365793103E-002 
 6.635416667E-001  5.366951724E-002 
 6.638888889E-001  5.368110345E-002 
 6.642361111E-001  5.369268966E-002 
 6.645833333E-001  5.370427586E-002 
 6.649305556E-001  5.371586207E-002 
 6.652777778E-001  5.372744828E-002 
 6.656250000E-001  5.373903448E-002 
 6.659722222E-001  5.375062069E-002 
 6.663194444E-001  5.376220690E-002 
 6.666666667E-001  5.377379310E-002 
 6.670138889E-001  5.378537931E-002 
 6.673611111E-001  5.379696552E-002 
 6.677083333E-001  5.380855172E-002 
 6.680555556E-001  5.382013793E-002 
 6.684027778E-001  5.383172414E-002 
 6.687500000E-001  5.384331034E-002 
 6.690972222E-001  5.385489655E-002 
 6.694444444E-001  5.386648276E-002 
 6.697916667E-001  5.387806897E-002 
 6.701388889E-001  5.388965517E-002 
 6.704861111E-001  5.390124138E-002 
 6.708333333E-001  5.391282759E-002 
 6.711805556E-001  5.392441379E-002 
 6.715277778E-001  5.393600000E-002 
 6.718750000E-001  5.394758621E-002 
 6.722222222E-001  5.395917241E-002 
 6.725694444E-001  5.397075862E-002 
 6.729166667E-001  5.398234483E-002 
 6.732638889E-001  5.399393103E-002 
 6.736111111E-001  5.400551724E-002 
 6.739583333E-001  5.401710345E-002 
 6.743055556E-001  5.402868966E-002 
 6.746527778E-001  5.404027586E-002 
 6.750000000E-001  5.405186207E-002 
 6.753472222E-001  5.406344828E-002 
 6.756944444E-001  5.407503448E-002 
 6.760416667E-001  5.408662069E-002 
 6.763888889E-001  5.409820690E-002 
 6.767361111E-001  5.410979310E-002 
 6.770833333E-001  5.412137931E-002 
 6.774305556E-001  5.413296552E-002 
 6.777777778E-001  5.414455172E-002 
 6.781250000E-001  5.415613793E-002 
 6.784722222E-001  5.416772414E-002 
 6.788194444E-001  5.417931034E-002 
 6.791666667E-001  5.419089655E-002 
 6.795138889E-001  5.420248276E-002 
 6.798611111E-001  5.421406897E-002 
 6.802083333E-001  5.422565517E-002 
 6.805555556E-001  5.423724138E-002 
 6.809027778E-001  5.424882759E-002 
 6.812500000E-001  5.426041379E-002 
 6.815972222E-001  5.427200000E-002 
 6.819444444E-001  5.428358621E-002 
 6.822916667E-001  5.429517241E-002 
 6.826388889E-001  5.430675862E-002 
 6.829861111E-001  5.431834483E-002 
 6.833333333E-001  5.432993103E-002 
 6.836805556E-001  5.434151724E-002 
 6.840277778E-001  5.435310345E-002 
 6.843750000E-001  5.436468966E-002 
 6.847222222E-001  5.437627586E-002 
 6.850694444E-001  5.438786207E-002 
 6.854166667E-001  5.439944828E-002 
 6.857638889E-001  5.441103448E-002 
 6.861111111E-001  5.442262069E-002 
 6.864583333E-001  5.443420690E-002 
 6.868055556E-001  5.444579310E-002 
 6.871527778E-001  5.445737931E-002 
 6.875000000E-001  5.446896552E-002 
 6.878472222E-001  5.448055172E-002 
 6.881944444E-001  5.449213793E-002 
 6.885416667E-001  5.450372414E-002 
 6.888888889E-001  5.451531034E-002 
 6.892361111E-001  5.452689655E-002 
 6.895833333E-001  5.453848276E-002 
 6.899305556E-001  5.455006897E-002 
 6.902777778E-001  5.456165517E-002 
 6.906250000E-001  5.457324138E-002 
 6.909722222E-001  5.458482759E-002 
 6.913194444E-001  5.459641379E-002 
 6.916666667E-001  5.460800000E-002 
 6.920138889E-001  5.461958621E-002 
 6.923611111E-001  5.463117241E-002 
 6.927083333E-001  5.464275862E-002 
 6.930555556E-001  5.465434483E-002 
 6.934027778E-001  5.466593103E-002 
 6.937500000E-001  5.467751724E-002 
 6.940972222E-001  5.468910345E-002 
 6.944444444E-001  5.470068966E-002 
 6.947916667E-001  5.471227586E-002 
 6.951388889E-001  5.472386207E-002 
 6.954861111E-001  5.473544828E-002 
 6.958333333E-001  5.474703448E-002 
 6.961805556E-001  5.475862069E-002 
 6.965277778E-001  5.477020690E-002 
 6.968750000E-001  5.478179310E-002 
 6.972222222E-001  5.479337931E-002 
 6.975694444E-001  5.480496552E-002 
 6.979166667E-001  5.481655172E-002 
 6.982638889E-001  5.482813793E-002 
 6.986111111E-001  5.483972414E-002 
 6.989583333E-001  5.485131034E-002 
 6.993055556E-001  5.486289655E-002 
 6.996527778E-001  5.487448276E-002 
 7.000000000E-001  5.488606897E-002 
 7.003472222E-001  5.489765517E-002 
 7.006944444E-001  5.490924138E-002 
 7.010416667E-001  5.492082759E-002 
 7.013888889E-001  5.493241379E-002 
 7.017361111E-001  5.494400000E-002 
 7.020833333E-001  5.495558621E-002 
 7.024305556E-001  5.496717241E-002 
 7.027777778E-001  5.497875862E-002 
 7.031250000E-001  5.499034483E-002 
 7.034722222E-001  5.500193103E-002 
 7.038194444E-001  5.501351724E-002 
 7.041666667E-001  5.502510345E-002 
 7.045138889E-001  5.503668966E-002 
 7.048611111E-001  5.504827586E-002 
 7.052083333E-001  5.505986207E-002 
 7.055555556E-001  5.507144828E-002 
 7.059027778E-001  5.508303448E-002 
 7.062500000E-001  5.509462069E-002 
 7.065972222E-001  5.510620690E-002 
 7.069444444E-001  5.511779310E-002 
 7.072916667E-001  5.512937931E-002 
 7.076388889E-001  5.514096552E-002 
 7.079861111E-001  5.515255172E-002 
 7.083333333E-001  5.516413793E-002 
 7.086805556E-001  5.517572414E-002 
 7.090277778E-001  5.518731034E-002 
 7.093750000E-001  5.519889655E-002 
 7.097222222E-001  5.521048276E-002 
 7.100694444E-001  5.522206897E-002 
 7.104166667E-001  5.523365517E-002 
 7.107638889E-001  5.524524138E-002 
 7.111111111E-001  5.525682759E-002 
 7.114583333E-001  5.526841379E-002 
 7.118055556E-001  5.528000000E-002 
 7.121527778E-001  5.529158621E-002 
 7.125000000E-001  5.530317241E-002 
 7.128472222E-001  5.531475862E-002 
 7.131944444E-001  5.532634483E-002 
 7.135416667E-001  5.533793103E-002 
 7.138888889E-001  5.534951724E-002 
 7.142361111E-001  5.536110345E-002 
 7.145833333E-001  5.537268966E-002 
 7.149305556E-001  5.538427586E-002 
 7.152777778E-001  5.539586207E-002 
 7.156250000E-001  5.540744828E-002 
 7.159722222E-001  5.541903448E-002 
 7.163194444E-001  5.543062069E-002 
 7.166666667E-001  5.544220690E-002 
 7.170138889E-001  5.545379310E-002 
 7.173611111E-001  5.546537931E-002 
 7.177083333E-001  5.547696552E-002 
 7.180555556E-001  5.548855172E-002 
 7.184027778E-001  5.550013793E-002 
 7.187500000E-001  5.551172414E-002 
 7.190972222E-001  5.552331034E-002 
 7.194444444E-001  5.553489655E-002 
 7.197916667E-001  5.554648276E-002 
 7.201388889E-001  5.555806897E-002 
 7.204861111E-001  5.556965517E-002 
 7.208333333E-001  5.558124138E-002 
 7.211805556E-001  5.559282759E-002 
 7.215277778E-001  5.560441379E-002 
 7.218750000E-001  5.561600000E-002 
 7.222222222E-001  5.562758621E-002 
 7.225694444E-001  5.563917241E-002 
 7.229166667E-001  5.565075862E-002 
 7.232638889E-001  5.566234483E-002 
 7.236111111E-001  5.567393103E-002 
 7.239583333E-001  5.568551724E-002 
 7.243055556E-001  5.569710345E-002 
 7.246527778E-001  5.570868966E-002 
 7.250000000E-001  5.572027586E-002 
 7.253472222E-001  5.573186207E-002 
 7.256944444E-001  5.574344828E-002 
 7.260416667E-001  5.575503448E-002 
 7.263888889E-001  5.576662069E-002 
 7.267361111E-001  5.577820690E-002 
 7.270833333E-001  5.578979310E-002 
 7.274305556E-001  5.580137931E-002 
 7.277777778E-001  5.581296552E-002 
 7.281250000E-001  5.582455172E-002 
 7.284722222E-001  5.583613793E-002 
 7.288194444E-001  5.584772414E-002 
 7.291666667E-001  5.585931034E-002 
 7.295138889E-001  5.587089655E-002 
 7.298611111E-001  5.588248276E-002 
 7.302083333E-001  5.589406897E-002 
 7.305555556E-001  5.590565517E-002 
 7.309027778E-001  5.591724138E-002 
 7.312500000E-001  5.592882759E-002 
 7.315972222E-001  5.594041379E-002 
 7.319444444E-001  5.595200000E-002 
 7.322916667E-001  5.596358621E-002 
 7.326388889E-001  5.597517241E-002 
 7.329861111E-001  5.598675862E-002 
 7.333333333E-001  5.599834483E-002 
 7.336805556E-001  5.600993103E-002 
 7.340277778E-001  5.602151724E-002 
 7.343750000E-001  5.603310345E-002 
 7.347222222E-001  5.604468966E-002 
 7.350694444E-001  5.605627586E-002 
 7.354166667E-001  5.606786207E-002 
 7.357638889E-001  5.607944828E-002 
 7.361111111E-001  5.609103448E-002 
 7.364583333E-001  5.610262069E-002 
 7.368055556E-001  5.611420690E-002 
 7.371527778E-001  5.612579310E-002 
 7.375000000E-001  5.613737931E-002 
 7.378472222E-001  5.614896552E-002 
 7.381944444E-001  5.616055172E-002 
 7.385416667E-001  5.617213793E-002 
 7.388888889E-001  5.618372414E-002 
 7.392361111E-001  5.619531034E-002 
 7.395833333E-001  5.620689655E-002 
 7.399305556E-001  5.621848276E-002 
 7.402777778E-001  5.623006897E-002 
 7.406250000E-001  5.624165517E-002 
 7.409722222E-001  5.625324138E-002 
 7.413194444E-001  5.626482759E-002 
 7.416666667E-001  5.627641379E-002 
 7.420138889E-001  5.628800000E-002 
 7.423611111E-001  5.629958621E-002 
 7.427083333E-001  5.631117241E-002 
 7.430555556E-001  5.632275862E-002 
 7.434027778E-001  5.633434483E-002 
 7.437500000E-001  5.634593103E-002 
 7.440972222E-001  5.635751724E-002 
 7.444444444E-001  5.636910345E-002 
 7.447916667E-001  5.638068966E-002 
 7.451388889E-001  5.639227586E-002 
 7.454861111E-001  5.640386207E-002 
 7.458333333E-001  5.641544828E-002 
 7.461805556E-001  5.642703448E-002 
 7.465277778E-001  5.643862069E-002 
 7.468750000E-001  5.645020690E-002 
 7.472222222E-001  5.646179310E-002 
 7.475694444E-001  5.647337931E-002 
 7.479166667E-001  5.648496552E-002 
 7.482638889E-001  5.649655172E-002 
 7.486111111E-001  5.650813793E-002 
 7.489583333E-001  5.651972414E-002 
 7.493055556E-001  5.653131034E-002 
 7.496527778E-001  5.654289655E-002 
 7.500000000E-001  5.655448276E-002 
 7.503472222E-001  5.656606897E-002 
 7.506944444E-001  5.657765517E-002 
 7.510416667E-001  5.658924138E-002 
 7.513888889E-001  5.660082759E-002 
 7.517361111E-001  5.661241379E-002 
 7.520833333E-001  5.662400000E-002 
 7.524305556E-001  5.663558621E-002 
 7.527777778E-001  5.664717241E-002 
 7.531250000E-001  5.665875862E-002 
 7.534722222E-001  5.667034483E-002 
 7.538194444E-001  5.668193103E-002 
 7.541666667E-001  5.669351724E-002 
 7.545138889E-001  5.670510345E-002 
 7.548611111E-001  5.671668966E-002 
 7.552083333E-001  5.672827586E-002 
 7.555555556E-001  5.673986207E-002 
 7.559027778E-001  5.675144828E-002 
 7.562500000E-001  5.676303448E-002 
 7.565972222E-001  5.677462069E-002 
 7.569444444E-001  5.678620690E-002 
 7.572916667E-001  5.679779310E-002 
 7.576388889E-001  5.680937931E-002 
 7.579861111E-001  5.682096552E-002 
 7.583333333E-001  5.683255172E-002 
 7.586805556E-001  5.684413793E-002 
 7.590277778E-001  5.685572414E-002 
 7.593750000E-001  5.686731034E-002 
 7.597222222E-001  5.687889655E-002 
 7.600694444E-001  5.689048276E-002 
 7.604166667E-001  5.690206897E-002 
 7.607638889E-001  5.691365517E-002 
 7.611111111E-001  5.692524138E-002 
 7.614583333E-001  5.693682759E-002 
 7.618055556E-001  5.694841379E-002 
 7.621527778E-001  5.696000000E-002 
 7.625000000E-001  5.697158621E-002 
 7.628472222E-001  5.698317241E-002 
 7.631944444E-001  5.699475862E-002 
 7.635416667E-001  5.700634483E-002 
 7.638888889E-001  5.701793103E-002 
 7.642361111E-001  5.702951724E-002 
 7.645833333E-001  5.704110345E-002 
 7.649305556E-001  5.705268966E-002 
 7.652777778E-001  5.706427586E-002 
 7.656250000E-001  5.707586207E-002 
 7.659722222E-001  5.708744828E-002 
 7.663194444E-001  5.709903448E-002 
 7.666666667E-001  5.711062069E-002 
 7.670138889E-001  5.712220690E-002 
 7.673611111E-001  5.713379310E-002 
 7.677083333E-001  5.714537931E-002 
 7.680555556E-001  5.715696552E-002 
 7.684027778E-001  5.716855172E-002 
 7.687500000E-001  5.718013793E-002 
 7.690972222E-001  5.719172414E-002 
 7.694444444E-001  5.720331034E-002 
 7.697916667E-001  5.721489655E-002 
 7.701388889E-001  5.722648276E-002 
 7.704861111E-001  5.723806897E-002 
 7.708333333E-001  5.724965517E-002 
 7.711805556E-001  5.726124138E-002 
 7.715277778E-001  5.727282759E-002 
 7.718750000E-001  5.728441379E-002 
 7.722222222E-001  5.729600000E-002 
 7.725694444E-001  5.730758621E-002 
 7.729166667E-001  5.731917241E-002 
 7.732638889E-001  5.733075862E-002 
 7.736111111E-001  5.734234483E-002 
 7.739583333E-001  5.735393103E-002 
 7.743055556E-001  5.736551724E-002 
 7.746527778E-001  5.737710345E-002 
 7.750000000E-001  5.738868966E-002 
 7.753472222E-001  5.740027586E-002 
 7.756944444E-001  5.741186207E-002 
 7.760416667E-001  5.742344828E-002 
 7.763888889E-001  5.743503448E-002 
 7.767361111E-001  5.744662069E-002 
 7.770833333E-001  5.745820690E-002 
 7.774305556E-001  5.746979310E-002 
 7.777777778E-001  5.748137931E-002 
 7.781250000E-001  5.749296552E-002 
 7.784722222E-001  5.750455172E-002 
 7.788194444E-001  5.751613793E-002 
 7.791666667E-001  5.752772414E-002 
 7.795138889E-001  5.753931034E-002 
 7.798611111E-001  5.755089655E-002 
 7.802083333E-001  5.756248276E-002 
 7.805555556E-001  5.757406897E-002 
 7.809027778E-001  5.758565517E-002 
 7.812500000E-001  5.759724138E-002 
 7.815972222E-001  5.760882759E-002 
 7.819444444E-001  5.762041379E-002 
 7.822916667E-001  5.763200000E-002 
 7.826388889E-001  5.764358621E-002 
 7.829861111E-001  5.765517241E-002 
 7.833333333E-001  5.766675862E-002 
 7.836805556E-001  5.767834483E-002 
 7.840277778E-001  5.768993103E-002 
 7.843750000E-001  5.770151724E-002 
 7.847222222E-001  5.771310345E-002 
 7.850694444E-001  5.772468966E-002 
 7.854166667E-001  5.773627586E-002 
 7.857638889E-001  5.774786207E-002 
 7.861111111E-001  5.775944828E-002 
 7.864583333E-001  5.777103448E-002 
 7.868055556E-001  5.778262069E-002 
 7.871527778E-001  5.779420690E-002 
 7.875000000E-001  5.780579310E-002 
 7.878472222E-001  5.781737931E-002 
 7.881944444E-001  5.782896552E-002 
 7.885416667E-001  5.784055172E-002 
 7.888888889E-001  5.785213793E-002 
 7.892361111E-001  5.786372414E-002 
 7.895833333E-001  5.787531034E-002 
 7.899305556E-001  5.788689655E-002 
 7.902777778E-001  5.789848276E-002 
 7.906250000E-001  5.791006897E-002 
 7.909722222E-001  5.792165517E-002 
 7.913194444E-001  5.793324138E-002 
 7.916666667E-001  5.794482759E-002 
 7.920138889E-001  5.795641379E-002 
 7.923611111E-001  5.796800000E-002 
 7.927083333E-001  5.797958621E-002 
 7.930555556E-001  5.799117241E-002 
 7.934027778E-001  5.800275862E-002 
 7.937500000E-001  5.801434483E-002 
 7.940972222E-001  5.802593103E-002 
 7.944444444E-001  5.803751724E-002 
 7.947916667E-001  5.804910345E-002 
 7.951388889E-001  5.806068966E-002 
 7.954861111E-001  5.807227586E-002 
 7.958333333E-001  5.808386207E-002 
 7.961805556E-001  5.809544828E-002 
 7.965277778E-001  5.810703448E-002 
 7.968750000E-001  5.811862069E-002 
 7.972222222E-001  5.813020690E-002 
 7.975694444E-001  5.814179310E-002 
 7.979166667E-001  5.815337931E-002 
 7.982638889E-001  5.816496552E-002 
 7.986111111E-001  5.817655172E-002 
 7.989583333E-001  5.818813793E-002 
 7.993055556E-001  5.819972414E-002 
 7.996527778E-001  5.821131034E-002 
 8.000000000E-001  5.822289655E-002 
 8.003472222E-001  5.823448276E-002 
 8.006944444E-001  5.824606897E-002 
 8.010416667E-001  5.825765517E-002 
 8.013888889E-001  5.826924138E-002 
 8.017361111E-001  5.828082759E-002 
 8.020833333E-001  5.829241379E-002 
 8.024305556E-001  5.830400000E-002 
 8.027777778E-001  5.831558621E-002 
 8.031250000E-001  5.832717241E-002 
 8.034722222E-001  5.833875862E-002 
 8.038194444E-001  5.835034483E-002 
 8.041666667E-001  5.836193103E-002 
 8.045138889E-001  5.837351724E-002 
 8.048611111E-001  5.838510345E-002 
 8.052083333E-001  5.839668966E-002 
 8.055555556E-001  5.840827586E-002 
 8.059027778E-001  5.841986207E-002 
 8.062500000E-001  5.843144828E-002 
 8.065972222E-001  5.844303448E-002 
 8.069444444E-001  5.845462069E-002 
 8.072916667E-001  5.846620690E-002 
 8.076388889E-001  5.847779310E-002 
 8.079861111E-001  5.848937931E-002 
 8.083333333E-001  5.850096552E-002 
 8.086805556E-001  5.851255172E-002 
 8.090277778E-001  5.852413793E-002 
 8.093750000E-001  5.853572414E-002 
 8.097222222E-001  5.854731034E-002 
 8.100694444E-001  5.855889655E-002 
 8.104166667E-001  5.857048276E-002 
 8.107638889E-001  5.858206897E-002 
 8.111111111E-001  5.859365517E-002 
 8.114583333E-001  5.860524138E-002 
 8.118055556E-001  5.861682759E-002 
 8.121527778E-001  5.862841379E-002 
 8.125000000E-001  5.864000000E-002 
 8.128472222E-001  5.865158621E-002 
 8.131944444E-001  5.866317241E-002 
 8.135416667E-001  5.867475862E-002 
 8.138888889E-001  5.868634483E-002 
 8.142361111E-001  5.869793103E-002 
 8.145833333E-001  5.870951724E-002 
 8.149305556E-001  5.872110345E-002 
 8.152777778E-001  5.873268966E-002 
 8.156250000E-001  5.874427586E-002 
 8.159722222E-001  5.875586207E-002 
 8.163194444E-001  5.876744828E-002 
 8.166666667E-001  5.877903448E-002 
 8.170138889E-001  5.879062069E-002 
 8.173611111E-001  5.880220690E-002 
 8.177083333E-001  5.881379310E-002 
 8.180555556E-001  5.882537931E-002 
 8.184027778E-001  5.883696552E-002 
 8.187500000E-001  5.884855172E-002 
 8.190972222E-001  5.886013793E-002 
 8.194444444E-001  5.887172414E-002 
 8.197916667E-001  5.888331034E-002 
 8.201388889E-001  5.889489655E-002 
 8.204861111E-001  5.890648276E-002 
 8.208333333E-001  5.891806897E-002 
 8.211805556E-001  5.892965517E-002 
 8.215277778E-001  5.894124138E-002 
 8.218750000E-001  5.895282759E-002 
 8.222222222E-001  5.896441379E-002 
 8.225694444E-001  5.897600000E-002 
 8.229166667E-001  5.898758621E-002 
 8.232638889E-001  5.899917241E-002 
 8.236111111E-001  5.901075862E-002 
 8.239583333E-001  5.902234483E-002 
 8.243055556E-001  5.903393103E-002 
 8.246527778E-001  5.904551724E-002 
 8.250000000E-001  5.905710345E-002 
 8.253472222E-001  5.906868966E-002 
 8.256944444E-001  5.908027586E-002 
 8.260416667E-001  5.909186207E-002 
 8.263888889E-001  5.910344828E-002 
 8.267361111E-001  5.911517241E-002 
 8.270833333E-001  5.912689655E-002 
 8.274305556E-001  5.913862069E-002 
 8.277777778E-001  5.915034483E-002 
 8.281250000E-001  5.916206897E-002 
 8.284722222E-001  5.917379310E-002 
 8.288194444E-001  5.918551724E-002 
 8.291666667E-001  5.919724138E-002 
 8.295138889E-001  5.920896552E-002 
 8.298611111E-001  5.922068966E-002 
 8.302083333E-001  5.923241379E-002 
 8.305555556E-001  5.924413793E-002 
 8.309027778E-001  5.925586207E-002 
 8.312500000E-001  5.926758621E-002 
 8.315972222E-001  5.927931034E-002 
 8.319444444E-001  5.929103448E-002 
 8.322916667E-001  5.930275862E-002 
 8.326388889E-001  5.931448276E-002 
 8.329861111E-001  5.932620690E-002 
 8.333333333E-001  5.933793103E-002 
 8.336805556E-001  5.934965517E-002 
 8.340277778E-001  5.936137931E-002 
 8.343750000E-001  5.937310345E-002 
 8.347222222E-001  5.938482759E-002 
 8.350694444E-001  5.939655172E-002 
 8.354166667E-001  5.940827586E-002 
 8.357638889E-001  5.942000000E-002 
 8.361111111E-001  5.943172414E-002 
 8.364583333E-001  5.944344828E-002 
 8.368055556E-001  5.945517241E-002 
 8.371527778E-001  5.946689655E-002 
 8.375000000E-001  5.947862069E-002 
 8.378472222E-001  5.949034483E-002 
 8.381944444E-001  5.950206897E-002 
 8.385416667E-001  5.951379310E-002 
 8.388888889E-001  5.952551724E-002 
 8.392361111E-001  5.953724138E-002 
 8.395833333E-001  5.954896552E-002 
 8.399305556E-001  5.956068966E-002 
 8.402777778E-001  5.957241379E-002 
 8.406250000E-001  5.958413793E-002 
 8.409722222E-001  5.959586207E-002 
 8.413194444E-001  5.960758621E-002 
 8.416666667E-001  5.961931034E-002 
 8.420138889E-001  5.963103448E-002 
 8.423611111E-001  5.964275862E-002 
 8.427083333E-001  5.965448276E-002 
 8.430555556E-001  5.966620690E-002 
 8.434027778E-001  5.967793103E-002 
 8.437500000E-001  5.968965517E-002 
 8.440972222E-001  5.970137931E-002 
 8.444444444E-001  5.971310345E-002 
 8.447916667E-001  5.972482759E-002 
 8.451388889E-001  5.973655172E-002 
 8.454861111E-001  5.974827586E-002 
 8.458333333E-001  5.976000000E-002 
 8.461805556E-001  5.977172414E-002 
 8.465277778E-001  5.978344828E-002 
 8.468750000E-001  5.979517241E-002 
 8.472222222E-001  5.980689655E-002 
 8.475694444E-001  5.981862069E-002 
 8.479166667E-001  5.983034483E-002 
 8.482638889E-001  5.984206897E-002 
 8.486111111E-001  5.985379310E-002 
 8.489583333E-001  5.986551724E-002 
 8.493055556E-001  5.987724138E-002 
 8.496527778E-001  5.988896552E-002 
 8.500000000E-001  5.990068966E-002 
 8.503472222E-001  5.991241379E-002 
 8.506944444E-001  5.992413793E-002 
 8.510416667E-001  5.993586207E-002 
 8.513888889E-001  5.994758621E-002 
 8.517361111E-001  5.995931034E-002 
 8.520833333E-001  5.997103448E-002 
 8.524305556E-001  5.998275862E-002 
 8.527777778E-001  5.999448276E-002 
 8.531250000E-001  6.000620690E-002 
 8.534722222E-001  6.001793103E-002 
 8.538194444E-001  6.002965517E-002 
 8.541666667E-001  6.004137931E-002 
 8.545138889E-001  6.005310345E-002 
 8.548611111E-001  6.006482759E-002 
 8.552083333E-001  6.007655172E-002 
 8.555555556E-001  6.008827586E-002 
 8.559027778E-001  6.010000000E-002 
 8.562500000E-001  6.011172414E-002 
 8.565972222E-001  6.012344828E-002 
 8.569444444E-001  6.013517241E-002 
 8.572916667E-001  6.014689655E-002 
 8.576388889E-001  6.015862069E-002 
 8.579861111E-001  6.017034483E-002 
 8.583333333E-001  6.018206897E-002 
 8.586805556E-001  6.019379310E-002 
 8.590277778E-001  6.020551724E-002 
 8.593750000E-001  6.021724138E-002 
 8.597222222E-001  6.022896552E-002 
 8.600694444E-001  6.024068966E-002 
 8.604166667E-001  6.025241379E-002 
 8.607638889E-001  6.026413793E-002 
 8.611111111E-001  6.027586207E-002 
 8.614583333E-001  6.028758621E-002 
 8.618055556E-001  6.029931034E-002 
 8.621527778E-001  6.031103448E-002 
 8.625000000E-001  6.032275862E-002 
 8.628472222E-001  6.033448276E-002 
 8.631944444E-001  6.034620690E-002 
 8.635416667E-001  6.035793103E-002 
 8.638888889E-001  6.036965517E-002 
 8.642361111E-001  6.038137931E-002 
 8.645833333E-001  6.039310345E-002 
 8.649305556E-001  6.040482759E-002 
 8.652777778E-001  6.041655172E-002 
 8.656250000E-001  6.042827586E-002 
 8.659722222E-001  6.044000000E-002 
 8.663194444E-001  6.045172414E-002 
 8.666666667E-001  6.046344828E-002 
 8.670138889E-001  6.047517241E-002 
 8.673611111E-001  6.048689655E-002 
 8.677083333E-001  6.049862069E-002 
 8.680555556E-001  6.051034483E-002 
 8.684027778E-001  6.052206897E-002 
 8.687500000E-001  6.053379310E-002 
 8.690972222E-001  6.054551724E-002 
 8.694444444E-001  6.055724138E-002 
 8.697916667E-001  6.056896552E-002 
 8.701388889E-001  6.058068966E-002 
 8.704861111E-001  6.059241379E-002 
 8.708333333E-001  6.060413793E-002 
 8.711805556E-001  6.061586207E-002 
 8.715277778E-001  6.062758621E-002 
 8.718750000E-001  6.063931034E-002 
 8.722222222E-001  6.065103448E-002 
 8.725694444E-001  6.066275862E-002 
 8.729166667E-001  6.067448276E-002 
 8.732638889E-001  6.068620690E-002 
 8.736111111E-001  6.069793103E-002 
 8.739583333E-001  6.070965517E-002 
 8.743055556E-001  6.072137931E-002 
 8.746527778E-001  6.073310345E-002 
 8.750000000E-001  6.074482759E-002 
 8.753472222E-001  6.075655172E-002 
 8.756944444E-001  6.076827586E-002 
 8.760416667E-001  6.078000000E-002 
 8.763888889E-001  6.079172414E-002 
 8.767361111E-001  6.080344828E-002 
 8.770833333E-001  6.081517241E-002 
 8.774305556E-001  6.082689655E-002 
 8.777777778E-001  6.083862069E-002 
 8.781250000E-001  6.085034483E-002 
 8.784722222E-001  6.086206897E-002 
 8.788194444E-001  6.087379310E-002 
 8.791666667E-001  6.088551724E-002 
 8.795138889E-001  6.089724138E-002 
 8.798611111E-001  6.090896552E-002 
 8.802083333E-001  6.092068966E-002 
 8.805555556E-001  6.093241379E-002 
 8.809027778E-001  6.094413793E-002 
 8.812500000E-001  6.095586207E-002 
 8.815972222E-001  6.096758621E-002 
 8.819444444E-001  6.097931034E-002 
 8.822916667E-001  6.099103448E-002 
 8.826388889E-001  6.100275862E-002 
 8.829861111E-001  6.101448276E-002 
 8.833333333E-001  6.102620690E-002 
 8.836805556E-001  6.103793103E-002 
 8.840277778E-001  6.104965517E-002 
 8.843750000E-001  6.106137931E-002 
 8.847222222E-001  6.107310345E-002 
 8.850694444E-001  6.108482759E-002 
 8.854166667E-001  6.109655172E-002 
 8.857638889E-001  6.110827586E-002 
 8.861111111E-001  6.112000000E-002 
 8.864583333E-001  6.113172414E-002 
 8.868055556E-001  6.114344828E-002 
 8.871527778E-001  6.115517241E-002 
 8.875000000E-001  6.116689655E-002 
 8.878472222E-001  6.117862069E-002 
 8.881944444E-001  6.119034483E-002 
 8.885416667E-001  6.120206897E-002 
 8.888888889E-001  6.121379310E-002 
 8.892361111E-001  6.122551724E-002 
 8.895833333E-001  6.123724138E-002 
 8.899305556E-001  6.124896552E-002 
 8.902777778E-001  6.126068966E-002 
 8.906250000E-001  6.127241379E-002 
 8.909722222E-001  6.128413793E-002 
 8.913194444E-001  6.129586207E-002 
 8.916666667E-001  6.130758621E-002 
 8.920138889E-001  6.131931034E-002 
 8.923611111E-001  6.133103448E-002 
 8.927083333E-001  6.134275862E-002 
 8.930555556E-001  6.135448276E-002 
 8.934027778E-001  6.136620690E-002 
 8.937500000E-001  6.137793103E-002 
 8.940972222E-001  6.138965517E-002 
 8.944444444E-001  6.140137931E-002 
 8.947916667E-001  6.141310345E-002 
 8.951388889E-001  6.142482759E-002 
 8.954861111E-001  6.143655172E-002 
 8.958333333E-001  6.144827586E-002 
 8.961805556E-001  6.146000000E-002 
 8.965277778E-001  6.147172414E-002 
 8.968750000E-001  6.148344828E-002 
 8.972222222E-001  6.149517241E-002 
 8.975694444E-001  6.150689655E-002 
 8.979166667E-001  6.151862069E-002 
 8.982638889E-001  6.153034483E-002 
 8.986111111E-001  6.154206897E-002 
 8.989583333E-001  6.155379310E-002 
 8.993055556E-001  6.156551724E-002 
 8.996527778E-001  6.157724138E-002 
 9.000000000E-001  6.158896552E-002 
 9.003472222E-001  6.160068966E-002 
 9.006944444E-001  6.161241379E-002 
 9.010416667E-001  6.162413793E-002 
 9.013888889E-001  6.163586207E-002 
 9.017361111E-001  6.164758621E-002 
 9.020833333E-001  6.165931034E-002 
 9.024305556E-001  6.167103448E-002 
 9.027777778E-001  6.168275862E-002 
 9.031250000E-001  6.169448276E-002 
 9.034722222E-001  6.170620690E-002 
 9.038194444E-001  6.171793103E-002 
 9.041666667E-001  6.172965517E-002 
 9.045138889E-001  6.174137931E-002 
 9.048611111E-001  6.175310345E-002 
 9.052083333E-001  6.176482759E-002 
 9.055555556E-001  6.177655172E-002 
 9.059027778E-001  6.178827586E-002 
 9.062500000E-001  6.180000000E-002 
 9.065972222E-001  6.181172414E-002 
 9.069444444E-001  6.182344828E-002 
 9.072916667E-001  6.183517241E-002 
 9.076388889E-001  6.184689655E-002 
 9.079861111E-001  6.185862069E-002 
 9.083333333E-001  6.187034483E-002 
 9.086805556E-001  6.188206897E-002 
 9.090277778E-001  6.189379310E-002 
 9.093750000E-001  6.190551724E-002 
 9.097222222E-001  6.191724138E-002 
 9.100694444E-001  6.192896552E-002 
 9.104166667E-001  6.194068966E-002 
 9.107638889E-001  6.195241379E-002 
 9.111111111E-001  6.196413793E-002 
 9.114583333E-001  6.197586207E-002 
 9.118055556E-001  6.198758621E-002 
 9.121527778E-001  6.199931034E-002 
 9.125000000E-001  6.201103448E-002 
 9.128472222E-001  6.202275862E-002 
 9.131944444E-001  6.203448276E-002 
 9.135416667E-001  6.204620690E-002 
 9.138888889E-001  6.205793103E-002 
 9.142361111E-001  6.206965517E-002 
 9.145833333E-001  6.208137931E-002 
 9.149305556E-001  6.209310345E-002 
 9.152777778E-001  6.210482759E-002 
 9.156250000E-001  6.211655172E-002 
 9.159722222E-001  6.212827586E-002 
 9.163194444E-001  6.214000000E-002 
 9.166666667E-001  6.215172414E-002 
 9.170138889E-001  6.216344828E-002 
 9.173611111E-001  6.217517241E-002 
 9.177083333E-001  6.218689655E-002 
 9.180555556E-001  6.219862069E-002 
 9.184027778E-001  6.221034483E-002 
 9.187500000E-001  6.222206897E-002 
 9.190972222E-001  6.223379310E-002 
 9.194444444E-001  6.224551724E-002 
 9.197916667E-001  6.225724138E-002 
 9.201388889E-001  6.226896552E-002 
 9.204861111E-001  6.228068966E-002 
 9.208333333E-001  6.229241379E-002 
 9.211805556E-001  6.230413793E-002 
 9.215277778E-001  6.231586207E-002 
 9.218750000E-001  6.232758621E-002 
 9.222222222E-001  6.233931034E-002 
 9.225694444E-001  6.235103448E-002 
 9.229166667E-001  6.236275862E-002 
 9.232638889E-001  6.237448276E-002 
 9.236111111E-001  6.238620690E-002 
 9.239583333E-001  6.239793103E-002 
 9.243055556E-001  6.240965517E-002 
 9.246527778E-001  6.242137931E-002 
 9.250000000E-001  6.243310345E-002 
 9.253472222E-001  6.244482759E-002 
 9.256944444E-001  6.245655172E-002 
 9.260416667E-001  6.246827586E-002 
 9.263888889E-001  6.248000000E-002 
 9.267361111E-001  6.249172414E-002 
 9.270833333E-001  6.250344828E-002 
 9.274305556E-001  6.251517241E-002 
 9.277777778E-001  6.252689655E-002 
 9.281250000E-001  6.253862069E-002 
 9.284722222E-001  6.255034483E-002 
 9.288194444E-001  6.256206897E-002 
 9.291666667E-001  6.257379310E-002 
 9.295138889E-001  6.258551724E-002 
 9.298611111E-001  6.259724138E-002 
 9.302083333E-001  6.260896552E-002 
 9.305555556E-001  6.262068966E-002 
 9.309027778E-001  6.263241379E-002 
 9.312500000E-001  6.264413793E-002 
 9.315972222E-001  6.265586207E-002 
 9.319444444E-001  6.266758621E-002 
 9.322916667E-001  6.267931034E-002 
 9.326388889E-001  6.269103448E-002 
 9.329861111E-001  6.270275862E-002 
 9.333333333E-001  6.271448276E-002 
 9.336805556E-001  6.272620690E-002 
 9.340277778E-001  6.273793103E-002 
 9.343750000E-001  6.274965517E-002 
 9.347222222E-001  6.276137931E-002 
 9.350694444E-001  6.277310345E-002 
 9.354166667E-001  6.278482759E-002 
 9.357638889E-001  6.279655172E-002 
 9.361111111E-001  6.280827586E-002 
 9.364583333E-001  6.282000000E-002 
 9.368055556E-001  6.283172414E-002 
 9.371527778E-001  6.284344828E-002 
 9.375000000E-001  6.285517241E-002 
 9.378472222E-001  6.286689655E-002 
 9.381944444E-001  6.287862069E-002 
 9.385416667E-001  6.289034483E-002 
 9.388888889E-001  6.290206897E-002 
 9.392361111E-001  6.291379310E-002 
 9.395833333E-001  6.292551724E-002 
 9.399305556E-001  6.293724138E-002 
 9.402777778E-001  6.294896552E-002 
 9.406250000E-001  6.296068966E-002 
 9.409722222E-001  6.297241379E-002 
 9.413194444E-001  6.298413793E-002 
 9.416666667E-001  6.299586207E-002 
 9.420138889E-001  6.300758621E-002 
 9.423611111E-001  6.301931034E-002 
 9.427083333E-001  6.303103448E-002 
 9.430555556E-001  6.304275862E-002 
 9.434027778E-001  6.305448276E-002 
 9.437500000E-001  6.306620690E-002 
 9.440972222E-001  6.307793103E-002 
 9.444444444E-001  6.308965517E-002 
 9.447916667E-001  6.310137931E-002 
 9.451388889E-001  6.311310345E-002 
 9.454861111E-001  6.312482759E-002 
 9.458333333E-001  6.313655172E-002 
 9.461805556E-001  6.314827586E-002 
 9.465277778E-001  6.316000000E-002 
 9.468750000E-001  6.317172414E-002 
 9.472222222E-001  6.318344828E-002 
 9.475694444E-001  6.319517241E-002 
 9.479166667E-001  6.320689655E-002 
 9.482638889E-001  6.321862069E-002 
 9.486111111E-001  6.323034483E-002 
 9.489583333E-001  6.324206897E-002 
 9.493055556E-001  6.325379310E-002 
 9.496527778E-001  6.326551724E-002 
 9.500000000E-001  6.327724138E-002 
 9.503472222E-001  6.328896552E-002 
 9.506944444E-001  6.330068966E-002 
 9.510416667E-001  6.331241379E-002 
 9.513888889E-001  6.332413793E-002 
 9.517361111E-001  6.333586207E-002 
 9.520833333E-001  6.334758621E-002 
 9.524305556E-001  6.335931034E-002 
 9.527777778E-001  6.337103448E-002 
 9.531250000E-001  6.338275862E-002 
 9.534722222E-001  6.339448276E-002 
 9.538194444E-001  6.340620690E-002 
 9.541666667E-001  6.341793103E-002 
 9.545138889E-001  6.342965517E-002 
 9.548611111E-001  6.344137931E-002 
 9.552083333E-001  6.345310345E-002 
 9.555555556E-001  6.346482759E-002 
 9.559027778E-001  6.347655172E-002 
 9.562500000E-001  6.348827586E-002 
 9.565972222E-001  6.350000000E-002 
 9.569444444E-001  6.351172414E-002 
 9.572916667E-001  6.352344828E-002 
 9.576388889E-001  6.353517241E-002 
 9.579861111E-001  6.354689655E-002 
 9.583333333E-001  6.355862069E-002 
 9.586805556E-001  6.357034483E-002 
 9.590277778E-001  6.358206897E-002 
 9.593750000E-001  6.359379310E-002 
 9.597222222E-001  6.360551724E-002 
 9.600694444E-001  6.361724138E-002 
 9.604166667E-001  6.362896552E-002 
 9.607638889E-001  6.364068966E-002 
 9.611111111E-001  6.365241379E-002 
 9.614583333E-001  6.366413793E-002 
 9.618055556E-001  6.367586207E-002 
 9.621527778E-001  6.368758621E-002 
 9.625000000E-001  6.369931034E-002 
 9.628472222E-001  6.371103448E-002 
 9.631944444E-001  6.372275862E-002 
 9.635416667E-001  6.373448276E-002 
 9.638888889E-001  6.374620690E-002 
 9.642361111E-001  6.375793103E-002 
 9.645833333E-001  6.376965517E-002 
 9.649305556E-001  6.378137931E-002 
 9.652777778E-001  6.379310345E-002 
 9.656250000E-001  6.380482759E-002 
 9.659722222E-001  6.381655172E-002 
 9.663194444E-001  6.382827586E-002 
 9.666666667E-001  6.384000000E-002 
 9.670138889E-001  6.385172414E-002 
 9.673611111E-001  6.386344828E-002 
 9.677083333E-001  6.387517241E-002 
 9.680555556E-001  6.388689655E-002 
 9.684027778E-001  6.389862069E-002 
 9.687500000E-001  6.391034483E-002 
 9.690972222E-001  6.392206897E-002 
 9.694444444E-001  6.393379310E-002 
 9.697916667E-001  6.394551724E-002 
 9.701388889E-001  6.395724138E-002 
 9.704861111E-001  6.396896552E-002 
 9.708333333E-001  6.398068966E-002 
 9.711805556E-001  6.399241379E-002 
 9.715277778E-001  6.400413793E-002 
 9.718750000E-001  6.401586207E-002 
 9.722222222E-001  6.402758621E-002 
 9.725694444E-001  6.403931034E-002 
 9.729166667E-001  6.405103448E-002 
 9.732638889E-001  6.406275862E-002 
 9.736111111E-001  6.407448276E-002 
 9.739583333E-001  6.408620690E-002 
 9.743055556E-001  6.409793103E-002 
 9.746527778E-001  6.410965517E-002 
 9.750000000E-001  6.412137931E-002 
 9.753472222E-001  6.413310345E-002 
 9.756944444E-001  6.414482759E-002 
 9.760416667E-001  6.415655172E-002 
 9.763888889E-001  6.416827586E-002 
 9.767361111E-001  6.418000000E-002 
 9.770833333E-001  6.419172414E-002 
 9.774305556E-001  6.420344828E-002 
 9.777777778E-001  6.421517241E-002 
 9.781250000E-001  6.422689655E-002 
 9.784722222E-001  6.423862069E-002 
 9.788194444E-001  6.425034483E-002 
 9.791666667E-001  6.426206897E-002 
 9.795138889E-001  6.427379310E-002 
 9.798611111E-001  6.428551724E-002 
 9.802083333E-001  6.429724138E-002 
 9.805555556E-001  6.430896552E-002 
 9.809027778E-001  6.432068966E-002 
 9.812500000E-001  6.433241379E-002 
 9.815972222E-001  6.434413793E-002 
 9.819444444E-001  6.435586207E-002 
 9.822916667E-001  6.436758621E-002 
 9.826388889E-001  6.437931034E-002 
 9.829861111E-001  6.439103448E-002 
 9.833333333E-001  6.440275862E-002 
 9.836805556E-001  6.441448276E-002 
 9.840277778E-001  6.442620690E-002 
 9.843750000E-001  6.443793103E-002 
 9.847222222E-001  6.444965517E-002 
 9.850694444E-001  6.446137931E-002 
 9.854166667E-001  6.447310345E-002 
 9.857638889E-001  6.448482759E-002 
 9.861111111E-001  6.449655172E-002 
 9.864583333E-001  6.450827586E-002 
 9.868055556E-001  6.452000000E-002 
 9.871527778E-001  6.453172414E-002 
 9.875000000E-001  6.454344828E-002 
 9.878472222E-001  6.455517241E-002 
 9.881944444E-001  6.456689655E-002 
 9.885416667E-001  6.457862069E-002 
 9.888888889E-001  6.459034483E-002 
 9.892361111E-001  6.460206897E-002 
 9.895833333E-001  6.461379310E-002 
 9.899305556E-001  6.462551724E-002 
 9.902777778E-001  6.463724138E-002 
 9.906250000E-001  6.464896552E-002 
 9.909722222E-001  6.466068966E-002 
 9.913194444E-001  6.467241379E-002 
 9.916666667E-001  6.468413793E-002 
 9.920138889E-001  6.469586207E-002 
 9.923611111E-001  6.470758621E-002 
 9.927083333E-001  6.471931034E-002 
 9.930555556E-001  6.473103448E-002 
 9.934027778E-001  6.474275862E-002 
 9.937500000E-001  6.475448276E-002 
 9.940972222E-001  6.476620690E-002 
 9.944444444E-001  6.477793103E-002 
 9.947916667E-001  6.478965517E-002 
 9.951388889E-001  6.480137931E-002 
 9.954861111E-001  6.481310345E-002 
 9.958333333E-001  6.482482759E-002 
 9.961805556E-001  6.483655172E-002 
 9.965277778E-001  6.484827586E-002 
 9.968750000E-001  6.486000000E-002 
 9.972222222E-001  6.487172414E-002 
 9.975694444E-001  6.488344828E-002 
 9.979166667E-001  6.489517241E-002 
 9.982638889E-001  6.490689655E-002 
 9.986111111E-001  6.491862069E-002 
 9.989583333E-001  6.493034483E-002 
 9.993055556E-001  6.494206897E-002 
 9.996527778E-001  6.495379310E-002 
