:020000040800F2
:1000000000500020AD510008614F0008694F000802
:10001000714F0008794F0008814F00080000000070
:10002000000000000000000000000000894F0008F0
:10003000954F000800000000A14F0008AD4F0008D8
:10004000F5510008F5510008F5510008F551000878
:10005000F5510008F5510008F5510008F551000868
:10006000F5510008F5510008F5510008B94F000896
:10007000F5510008F5510008CD4F0008E14F000888
:10008000F5510008F5510008F5510008F551000838
:10009000F5510008F5510008F5510008F551000828
:1000A000F5510008F5510008F5510008F551000818
:1000B000F5510008F54F0008F5510008F55100080A
:1000C000F5510008F5510008F5510008F5510008F8
:1000D000F5510008F5510008F5510008F5510008E8
:1000E0000D500008F5510008F5510008000000000F
:1000F0000000000000000000000000000000000000
:0C01000000000000000000005FF808F1A3
:1001100010B5054C237833B9044B13B10448AFF341
:1001200000800123237010BD940200200000000015
:100130003CEE000808B5034B1BB103490348AFF37D
:10014000008008BD00000000980200203CEE00087E
:10015000034613F8012B002AFBD1181A0138704707
:1001600081F0004102E000BF83F0004330B54FEA68
:1001700041044FEA430594EA050F08BF90EA020FD5
:100180001FBF54EA000C55EA020C7FEA645C7FEA68
:10019000655C00F0E2804FEA5454D4EB5555B8BF8B
:1001A0006D420CDD2C4480EA020281EA030382EAFC
:1001B000000083EA010180EA020281EA0303362D8E
:1001C00088BF30BD11F0004F4FEA01314FF4801C61
:1001D0004CEA113102D0404261EB410113F0004F73
:1001E0004FEA03334CEA133302D0524263EB43032A
:1001F00094EA050F00F0A780A4F10104D5F1200EC8
:100200000DDB02FA0EFC22FA05F2801841F1000122
:1002100003FA0EF2801843FA05F359410EE0A5F1F6
:1002200020050EF1200E012A03FA0EFC28BF4CF027
:10023000020C43FA05F3C01851EBE37101F00045DD
:1002400007D54FF0000EDCF1000C7EEB00006EEBEA
:100250000101B1F5801F1BD3B1F5001F0CD3490874
:100260005FEA30004FEA3C0C04F101044FEA4452CB
:1002700012F5800F80F09A80BCF1004F08BF5FEA52
:10028000500C50F1000041EB045141EA050130BD32
:100290005FEA4C0C404141EB0101013C28BFB1F544
:1002A000801FE9D291F0000F04BF01460020B1FA8F
:1002B00081F308BF2033A3F10B03B3F120020CDA62
:1002C0000C3208DD02F1140CC2F10C0201FA0CF040
:1002D00021FA02F10CE002F11402D8BFC2F1200CA5
:1002E00001FA02F120FA0CFCDCBF41EA0C0190405B
:1002F000E41AA2BF01EB0451294330BD6FEA0404A4
:100300001F3C1CDA0C340EDC04F11404C4F120028E
:1003100020FA04F001FA02F340EA030021FA04F3A0
:1003200045EA030130BDC4F10C04C4F1200220FAF7
:1003300002F001FA04F340EA0300294630BD21FA35
:1003400004F0294630BD94F0000F83F4801306BFFB
:1003500081F480110134013D4EE77FEA645C18BFEF
:100360007FEA655C29D094EA050F08BF90EA020F86
:1003700005D054EA000C04BF1946104630BD91EA7E
:10038000030F1EBF0021002030BD5FEA545C05D181
:100390004000494128BF41F0004130BD14F58004C0
:1003A0003CBF01F5801130BD01F0004545F0FE4134
:1003B00041F470014FF0000030BD7FEA645C1ABF69
:1003C000194610467FEA655C1CBF0B46024650EAA0
:1003D000013406BF52EA033591EA030F41F40021CC
:1003E00030BD00BF90F0000F04BF0021704730B552
:1003F0004FF4806404F132044FF000054FF0000127
:1004000050E700BF90F0000F04BF0021704730B5E7
:100410004FF4806404F1320410F0004548BF4042BC
:100420004FF000013EE700BF42004FEAE2014FEA11
:1004300031014FEA02701FBF12F07F4393F07F4FEC
:1004400081F06051704732F07F4208BF704793F0EF
:100450007F4F04BF41F40021704730B54FF4607402
:1004600001F0004521F000411CE700BF50EA010205
:1004700008BF704730B54FF000050AE050EA0102AE
:1004800008BF704730B511F0004502D5404261EB1E
:1004900041014FF4806404F132045FEA915C3FF45F
:1004A000D8AE4FF003025FEADC0C18BF03325FEAFC
:1004B000DC0C18BF033202EBDC02C2F1200300FAAD
:1004C00003FC20FA02F001FA03FE40EA0E0021FAD2
:1004D00002F11444BDE600BF70B54FF0FF0C4CF4C0
:1004E000E06C1CEA11541DBF1CEA135594EA0C0F72
:1004F00095EA0C0F00F0DEF82C4481EA030621EAAD
:100500004C5123EA4C5350EA013518BF52EA0335E7
:1005100041F4801143F4801338D0A0FB02CE4FF099
:100520000005E1FB02E506F00042E0FB03E54FF0C9
:100530000006E1FB03569CF0000F18BF4EF0010EC1
:10054000A4F1FF04B6F5007F64F5407404D25FEABD
:100550004E0E6D4146EB060642EAC62141EA555170
:100560004FEAC52040EA5E504FEACE2EB4F1FD0CB2
:1005700088BFBCF5E06F1ED8BEF1004F08BF5FEA30
:10058000500E50F1000041EB045170BD06F00046E2
:1005900046EA010140EA020081EA0301B4EB5C048F
:1005A000C2BFD4EB0C0541EA045170BD41F4801187
:1005B0004FF0000E013C00F3AB8014F1360FDEBFAC
:1005C000002001F0004170BDC4F10004203C35DA88
:1005D0000C341BDC04F11404C4F1200500FA05F30B
:1005E00020FA04F001FA05F240EA020001F00042AC
:1005F00021F0004110EBD37021FA04F642EB060122
:100600005EEA430E08BF20EAD37070BDC4F10C044B
:10061000C4F1200500FA04F320FA05F001FA04F20F
:1006200040EA020001F0004110EBD37041F10001FB
:100630005EEA430E08BF20EAD37070BDC4F1200506
:1006400000FA05F24EEA020E20FA04F301FA05F26E
:1006500043EA020321FA04F001F0004121FA04F216
:1006600020EA020000EBD3705EEA430E08BF20EAE6
:10067000D37070BD94F0000F0FD101F00046400020
:1006800041EB010111F4801F08BF013CF7D041EAA2
:10069000060195F0000F18BF704703F000465200A6
:1006A00043EB030313F4801F08BF013DF7D043EA77
:1006B0000603704794EA0C0F0CEA135518BF95EA2D
:1006C0000C0F0CD050EA410618BF52EA4306D1D1B4
:1006D00081EA030101F000414FF0000070BD50EAD3
:1006E000410606BF1046194652EA430619D094EA5D
:1006F0000C0F02D150EA013613D195EA0C0F05D147
:1007000052EA03361CBF104619460AD181EA03019A
:1007100001F0004141F0FE4141F470014FF0000052
:1007200070BD41F0FE4141F4780170BD70B54FF0ED
:10073000FF0C4CF4E06C1CEA11541DBF1CEA13556D
:1007400094EA0C0F95EA0C0F00F0A7F8A4EB05044F
:1007500081EA030E52EA03354FEA013100F0888046
:100760004FEA03334FF0805545EA131343EA12630F
:100770004FEA022245EA111545EA10654FEA0026C4
:100780000EF000419D4208BF964244F1FD0404F57D
:10079000407402D25B084FEA3202B61A65EB0305D9
:1007A0005B084FEA32024FF480104FF4002CB6EB96
:1007B000020E75EB030E22BFB61A754640EA0C0016
:1007C0005B084FEA3202B6EB020E75EB030E22BF56
:1007D000B61A754640EA5C005B084FEA3202B6EB97
:1007E000020E75EB030E22BFB61A754640EA9C0056
:1007F0005B084FEA3202B6EB020E75EB030E22BF26
:10080000B61A754640EADC0055EA060E18D04FEAE3
:10081000051545EA16754FEA06164FEAC30343EA83
:1008200052734FEAC2025FEA1C1CC0D111F4801F50
:100830000BD141EA00014FF000004FF0004CB6E749
:1008400011F4801F04BF01430020B4F1FD0C88BFE8
:10085000BCF5E06F3FF6AFAEB5EB030C04BFB6EBF3
:10086000020C5FEA500C50F1000041EB045170BDE6
:100870000EF0004E4EEA113114EB5C04C2BFD4EB13
:100880000C0541EA045170BD41F480114FF0000E97
:10089000013C90E645EA060E8DE60CEA135594EA13
:1008A0000C0F08BF95EA0C0F3FF43BAF94EA0C0F16
:1008B0000AD150EA01347FF434AF95EA0C0F7FF48B
:1008C00025AF104619462CE795EA0C0F06D152EADF
:1008D00003353FF4FDAE1046194622E750EA4106C3
:1008E00018BF52EA43067FF4C5AE50EA41047FF4D4
:1008F0000DAF52EA43057FF4EBAE12E74FF0FF3C39
:1009000006E000BF4FF0010C02E000BF4FF0010C09
:100910004DF804CD4FEA410C7FEA6C5C4FEA430C82
:1009200018BF7FEA6C5C1BD001B050EA410C0CBFD1
:1009300052EA430C91EA030F02BF90EA020F002033
:10094000704710F1000F91EA030F58BF994208BF9A
:1009500090422CBFD8176FEAE37040F00100704757
:100960004FEA410C7FEA6C5C02D150EA013C07D1AE
:100970004FEA430C7FEA6C5CD6D152EA033CD3D0F9
:100980005DF8040B704700BF8446104662468C46F3
:100990001946634600E000BF01B5FFF7B7FF002826
:1009A00048BF10F1000F01BD4DF808EDFFF7F4FF4F
:1009B0000CBF012000205DF808FB00BF4DF808EDDA
:1009C000FFF7EAFF34BF012000205DF808FB00BFFD
:1009D0004DF808EDFFF7E0FF94BF012000205DF81F
:1009E00008FB00BF4DF808EDFFF7CEFF94BF0120D4
:1009F00000205DF808FB00BF4DF808EDFFF7C4FFCD
:100A000034BF012000205DF808FB00BF4FEA410C15
:100A10007FEA6C5C02D150EA013C0AD14FEA430CF8
:100A20007FEA6C5C02D152EA033C02D14FF0000035
:100A300070474FF0010070474FEA410212F5001273
:100A400015D211D56FF47873B3EB625212D94FEA15
:100A5000C12343F0004343EA505311F0004F23FAFF
:100A600002F018BF404270474FF00000704750EA54
:100A7000013005D111F0004008BF6FF00040704711
:100A80004FF00000704700BF4A0011D212F500126B
:100A900011D20DD56FF47873B3EB62520ED44FEAD6
:100AA000C12343F0004343EA505323FA02F0704756
:100AB0004FF00000704750EA013002D14FF0FF3094
:100AC00070474FF0000070474FEA4102B2F1E04337
:100AD00024BFB3F5001CDCF1FE5C0DD901F0004C25
:100AE0004FEAC0024CEA5070B2F1004F40EB830075
:100AF00008BF20F00100704711F0804F21D113F1A1
:100B00003872BCBF01F00040704741F480114FEAD9
:100B10005252C2F11802C2F1200C10FA0CF320FA62
:100B200002F018BF40F001004FEAC1234FEAD3237F
:100B300003FA0CFC40EA0C0023FA02F34FEA4303E9
:100B4000CCE77FEA625307D150EA01331EBF4FF072
:100B5000FE4040F44000704701F0004040F0FE408D
:100B600040F40000704700BF80F0004002E000BF8A
:100B700081F0004142001FBF5FEA410392EA030F88
:100B80007FEA226C7FEA236C6AD04FEA1262D2EBD2
:100B90001363C1BFD218414048404140B8BF5B42D7
:100BA000192B88BF704710F0004F40F4000020F070
:100BB0007F4018BF404211F0004F41F4000121F086
:100BC0007F4118BF494292EA030F3FD0A2F10102D0
:100BD00041FA03FC10EB0C00C3F1200301FA03F10E
:100BE00000F0004302D5494260EB4000B0F5000F31
:100BF00013D3B0F1807F06D340084FEA310102F1F0
:100C00000102FE2A51D2B1F1004F40EBC25008BFA1
:100C100020F0010040EA03007047490040EB00006B
:100C2000013A28BFB0F5000FEDD2B0FA80FCACF16C
:100C3000080CB2EB0C0200FA0CF0AABF00EBC25099
:100C400052421843BCBFD0401843704792F0000F87
:100C500081F4000106BF80F400000132013BB5E7DA
:100C60004FEA41037FEA226C18BF7FEA236C21D050
:100C700092EA030F04D092F0000F08BF08467047B5
:100C800090EA010F1CBF0020704712F07F4F04D183
:100C9000400028BF40F00040704712F100723CBF96
:100CA00000F50000704700F0004343F0FE4040F4C0
:100CB000000070477FEA226216BF08467FEA23637E
:100CC0000146420206BF5FEA412390EA010F40F469
:100CD000800070474FF0000304E000BF10F00043B5
:100CE00048BF40425FEA000C08BF704743F096439C
:100CF00001464FF000001CE050EA010208BF7047B7
:100D00004FF000030AE000BF50EA010208BF70473D
:100D100011F0004302D5404261EB41015FEA010C52
:100D200002BF84460146002043F0B64308BFA3F14A
:100D30008053A3F50003BCFA8CF2083AA3EBC2532C
:100D400010DB01FA02FC634400FA02FCC2F120024B
:100D5000BCF1004F20FA02F243EB020008BF20F082
:100D60000100704702F1200201FA02FCC2F12002E8
:100D700050EA4C0021FA02F243EB020008BF20EADD
:100D8000DC7070474FF0FF0C1CEAD0521EBF1CEA0B
:100D9000D15392EA0C0F93EA0C0F6FD01A4480EAF9
:100DA000010C400218BF5FEA41211ED04FF00063E2
:100DB00043EA501043EA5111A0FB01310CF000400E
:100DC000B1F5000F3EBF490041EAD3715B0040EA34
:100DD000010062F17F02FD2A1DD8B3F1004F40EB04
:100DE000C25008BF20F00100704790F0000F0CF0D7
:100DF000004C08BF49024CEA502040EA51207F3A9B
:100E0000C2BFD2F1FF0340EAC250704740F4000075
:100E10004FF00003013A5DDC12F1190FDCBF00F066
:100E200000407047C2F10002410021FA02F1C2F114
:100E3000200200FA02FC5FEA310040F1000053EAB0
:100E40004C0308BF20EADC70704792F0000F00F0FE
:100E5000004C02BF400010F4000F013AF9D040EA04
:100E60000C0093F0000F01F0004C02BF490011F498
:100E7000000F013BF9D041EA0C018FE70CEAD15396
:100E800092EA0C0F18BF93EA0C0F0AD030F0004C16
:100E900018BF31F0004CD8D180EA010000F00040CA
:100EA000704790F0000F17BF90F0004F084691F088
:100EB000000F91F0004F14D092EA0C0F01D14202C2
:100EC0000FD193EA0C0F03D14B0218BF084608D18B
:100ED00080EA010000F0004040F0FE4040F40000D5
:100EE000704740F0FE4040F4400070474FF0FF0C68
:100EF0001CEAD0521EBF1CEAD15392EA0C0F93EAAF
:100F00000C0F69D0A2EB030280EA010C49024FEA00
:100F1000402037D04FF0805343EA111143EA1013B9
:100F20000CF000408B4238BF5B0042F17D024FF471
:100F3000000C8B4224BF5B1A40EA0C00B3EB510F4C
:100F400024BFA3EB510340EA5C00B3EB910F24BF35
:100F5000A3EB910340EA9C00B3EBD10F24BFA3EBBA
:100F6000D10340EADC001B0118BF5FEA1C1CE0D182
:100F7000FD2A3FF650AF8B4240EBC25008BF20F035
:100F8000010070470CF0004C4CEA50207F32C2BF89
:100F9000D2F1FF0340EAC250704740F400004FF026
:100FA0000003013A37E792F0000F00F0004C02BF57
:100FB000400010F4000F013AF9D040EA0C0093F021
:100FC000000F01F0004C02BF490011F4000F013B7B
:100FD000F9D041EA0C0195E70CEAD15392EA0C0FE3
:100FE00008D142027FF47DAF93EA0C0F7FF470AF1B
:100FF000084676E793EA0C0F04D14B023FF44CAF5E
:1010000008466EE730F0004C18BF31F0004CCAD1F2
:1010100030F000427FF45CAF31F000437FF43CAF2E
:101020005FE700BF4FF0FF3C06E000BF4FF0010C50
:1010300002E000BF4FF0010C4DF804CD4FEA400232
:101040004FEA41037FEA226C18BF7FEA236C11D07C
:1010500001B052EA530C18BF90EA010F58BFB2EB2F
:10106000030088BFC81738BF6FEAE17018BF40F0AF
:10107000010070477FEA226C02D15FEA402C05D163
:101080007FEA236CE4D15FEA412CE1D05DF8040BE8
:10109000704700BF844608466146FFE70FB5FFF77B
:1010A000C9FF002848BF10F1000F0FBD4DF808ED33
:1010B000FFF7F4FF0CBF012000205DF808FB00BF24
:1010C0004DF808EDFFF7EAFF34BF012000205DF87E
:1010D00008FB00BF4DF808EDFFF7E0FF94BF0120CB
:1010E00000205DF808FB00BF4DF808EDFFF7D2FFC8
:1010F00094BF012000205DF808FB00BF4DF808ED0B
:10110000FFF7C8FF34BF012000205DF808FB00BFD7
:1011100042000ED2B2F1FE4F0BD34FF09E03B3EB61
:10112000126209D44FEA002343F0004323FA02F08D
:1011300070474FF00000704712F1610F01D1420279
:1011400002D14FF0FF3070474FF00000704700BFF2
:1011500038B50022002304460D46FFF72FFC28B9BE
:1011600020462946BDE8384000F00AB8204605F17F
:10117000004100F005F8404261EB410138BD00BF7D
:10118000D0B500220B4B06460F46FFF7A5F9FFF737
:101190007BFC0446FFF726F90022074BFFF79CF97A
:1011A00002460B4630463946FEF7DEFFFFF76CFC81
:1011B0002146D0BD0000F03D0000F04180B582B076
:1011C00000AF78607B681D4A934232D11C4B1B787C
:1011D000DBB20A2B0DD11B4B1B889BB21A461A4B54
:1011E0000A219954194B01221A70164B00221A80B9
:1011F0001AE0134B1B78DBB2002B15D0114B1B8868
:101200009BB2122B0DD80F4B1B889BB25A1C91B26C
:101210000C4A11801A460A4B1B78D9B20A4B9954D2
:1012200002E0084B00221A8001220549034808F019
:1012300003FB00BF0837BD4680BD00BF5806002035
:1012400058070020C803002044070020CA030020DC
:1012500080B500AF0B4B1B78DBB2002B0FD0094BD6
:1012600000221A70084A0949094809F0B3FD1422FE
:101270000021074809F01DFE064B00221A8000BF1E
:1012800080BD00BFCA0300201004002058EE0008F3
:1012900044070020C803002080B582B002AF0122BD
:1012A0002B492C4808F0C8FA00F088FD2A4802F0C3
:1012B000DAFF2A4800F0DEFD294800F0B9FF29488E
:1012C00001F0EEFD00F068FD274800F06CFF2748B4
:1012D00001F0C0FD264800F078FF264801F014FE1A
:1012E0002549264802F088F81D4801F00FFD03F05B
:1012F00065F9234803F0B4FB03F045FA4FF47A7024
:1013000003F0DCFF1A4B1A6900920FCB00F07EFF4E
:101310001C4804F0C9FC04220F491A4804F0D0F913
:101320000D4802F0C1FF02F0E5FF174807F046FA4A
:10133000164807F0F9F9164807F0F6F90C21144899
:1013400007F0E6FA134807F0EFF900BFBD4680BD8D
:101350005807002058060020D8020020D0030020A3
:1013600004000020340400202C0400200C03002082
:10137000F8020020800300205003002020030020FA
:10138000E802002070040020C80500203805002075
:10139000100600208005002080B582B000AF034613
:1013A000FB80FB88B3F5006F07D1204B1B7C002B23
:1013B00003D01E4B00221A7435E0FB88B3F5006F92
:1013C00030D11B4B93F83D30002B2BD0194BDB68F1
:1013D00023F02003174AD360174B1B88012B05D835
:1013E000154B1B8801339AB2134B1A80124B1B8882
:1013F000012B08D1114B01221A700D4B012283F8E9
:10140000382000F0F1FC0C4B1B88022B0AD10C4B4E
:1014100001221A70064B002283F83820044B002268
:1014200083F8392000BF0837BD4680BD0C0300207B
:1014300080030020B00200206E040020C4030020BE
:10144000C503002090B599B018AF894B1B885A1C72
:1014500091B2874A1180092B40F28180844B01228E
:101460001A80844B1B885A1C91B2824A1180824A8E
:101470001288934207D37F4B00221A804FF4804199
:101480007E4805F06EF97E4BDB885A1C91B27C4A8F
:10149000D1807B4A1289934205D9794B0022DA80A8
:1014A000774B01229A72774B1B885A1C91B2754A6E
:1014B0001180744A5288934205D9724B00221A80D7
:1014C000704B01221A71704B1B885A1C91B26E4AE4
:1014D00011806D4A5288934205D96B4B00221A80C5
:1014E000694B01221A71694B1B885A1C91B2674AD9
:1014F0001180664A5288934205D9644B00221A80B3
:10150000624B01221A71624B1B885A1C91B2604ACD
:1015100011805F4A5288934205D95D4B00221A80A0
:101520005B4B01221A714FF400615A4805F0EAF84A
:101530000346002B10D1544B9B895A1C91B2524A3E
:101540009181514AD289934209D94F4B01221A7491
:10155000514B01221A7002E04B4B00229A814F4BF3
:101560001B885A1C91B24D4A118042F20F7293426D
:1015700017D94A4B01221A80494BB3F856305A1CEE
:1015800091B2474AA2F85610454AB2F85420934205
:1015900007D9434B0022A3F85620414B0122A3F860
:1015A0005220404802F080FE02F0A4FE00F016FA3D
:1015B0003C4C3B4A01AB11465C22184609F007FD42
:1015C000E368009394E80E00374801F0EFFC364BD7
:1015D0001B78062B02D1344801F0E8FE4FF080431F
:1015E0005B6A9AB2314B1A802F4B93F83830012B3B
:1015F00040F0AE802C4B1B78013B062B00F2C080E4
:1016000001A252F823F000BF251600088117000838
:101610004516000867160008BD160008491700089F
:10162000291700081F4B224A02926C4603F1080258
:1016300092E8030084E803000CCB1E491E4801F029
:101640007BFDA0E001F03EFE164BDA6800920ECB67
:10165000194802F07BF9134BDA6800920ECB16485A
:1016600002F00CF98FE0104801F054FE8BE000BF4F
:10167000CC0300206C040020B800002000100140C2
:10168000340400202C0400200C030020040000205F
:10169000F802002000080140C6030020CE0300200D
:1016A000D0030020D8020020800300202E07002055
:1016B000E802002050030020200300203C4B1B7850
:1016C000012B1FD13B4B1B681A6A3A4B1B6842F037
:1016D00005021A62374B1B685A6C364B1B6842F482
:1016E00000425A64334B1B681A68324B1B6842F045
:1016F00001021A60304B012283F82C202F4B01226B
:1017000083F82C202E4B012203922E4A02926C4623
:1017100003F1080292E8030084E803000CCB264999
:10172000264802F053F92EE0274801F019FE264B17
:1017300093F83B3083F00103DBB2002B22D0224B25
:10174000012283F83B201DE01F4801F02FFE1AE024
:101750001D4B93F83830002B15D1194B194A0292C2
:101760006C4603F1080292E8030084E803000CCB06
:101770001249114801F0E0FC134B01221A7002E0FB
:1017800000BF00E000BF4FF080435B6A9AB20F4B8E
:101790001A800E4B1A880E4B1B88D31A9AB20D4B27
:1017A0001A8002F0B7FD00BF0437BD4690BD00BFF0
:1017B00000000020380500202003002050030020F6
:1017C000D8020020E802002080030020300700201B
:1017D0002E0700203207002080B500AF744B93F82D
:1017E0003930012B0DD1724B93F83C3083F001035B
:1017F000DBB2002B05D003F051F86D4B012283F8CA
:101800003C206B4B93F83C30002B0AD0684B93F88C
:101810003930002B05D102F0B6FF654B002283F86A
:101820003C20644B9B8C49F28702934207D9604B62
:1018300093F83D3083F00103DBB2002B1BD05E4BED
:101840001B681A6A5C4B1B6822F005021A625A4B2D
:101850001B685A6C584B1B6822F400425A64564B62
:101860001B681A68544B1B6822F001021A6002F0D0
:101870008AFF00F0CFFA514B1B79002B08D04F4B59
:1018800000221A714D4800F0F1FC4C4801F03EFA7C
:101890004B4B1B79002B19D000F090FA484B0022DB
:1018A0001A71434B1B78052B10D1454B9B79012BAB
:1018B0000CD1434B5B7983F00103DBB2002B05D0E5
:1018C0003F4B00229A713E4B01225A713D4B1B79CE
:1018D000002B5BD03B4B00221A713B4800F040FBD1
:1018E000394800F063FB384800F06FFB364800F0E1
:1018F00099FB354800F0A4FB334800F0BBFB3248AD
:1019000000F0F5FB304800F003FC2F4BDB8C184651
:10191000FFF7E4F903462D491846FFF733FA03466B
:101920001846FFF7F5FB03469AB2274BA3F8482069
:10193000274B1B891846FFF7D1F90346254918465E
:10194000FFF720FA03461846FFF7E2FB03469AB278
:10195000184B9A841E4B5B891846FEF753FD10A363
:10196000D3E90023FEF7B8FD02460B4610461946A0
:101970000DA3D3E90023FEF7F7FB02460B46104602
:101980001946FFF7A1F80346094A1364124B9B7AE4
:10199000002B03D0104B00229A7200BF00BF80BD05
:1019A000A5383FACD47FD93F851ED6C01BFC9040E4
:1019B00080030020B0020020380500200400002031
:1019C0000C0300202C040020D00300208DEEA03D4D
:1019D000D802002025A94A413404002080B500AF78
:1019E000794B5A68784B1B689A4206D0764B1B6835
:1019F000754A5360744B01221A72734B1A69724B09
:101A0000DB689A4206D0704BDB686F4A13616E4BFD
:101A100001221A756C4B9B8C48F69F42934206D864
:101A2000694B1B6843F00103674A136005E0664B8E
:101A30001B6823F00103644A1360634B9B8C49F6D7
:101A40005802934206D9604B1B6843F002035E4A7A
:101A5000136005E05C4B1B6823F002035A4A1360D5
:101A60005A4BDB8C43F69722934206D8564B1B68A1
:101A700043F48043544A136005E0534B1B6823F43E
:101A80008043514A1360514BDB8C45F25F429342D5
:101A90000CD84E4BDB8C43F69822934206D94A4B26
:101AA0001B6843F48073484A136005E0464B1B688B
:101AB00023F48073444A1360444BDB8C49F6EE02F6
:101AC000934206D9404B1B6843F400733E4A1360AF
:101AD00005E03D4B1B6823F400733B4A13603C4B0D
:101AE0001B6C3B4A126A11461846FFF707FB034678
:101AF000002B06D0344B1B6843F48033324A13600A
:101B000005E0314B1B6823F480332F4A1360304BC0
:101B10001B78062B06D12C4B1B6843F400332A4A52
:101B2000136005E0284B1B6823F40033264A13603A
:101B3000264BB3F84030B3F5966F06D9224B1B689D
:101B400043F48063204A136005E01F4B1B6823F4B5
:101B500080631D4A13601D4B5B8F40F6C312934296
:101B60000BD91A4B5B8840F6C312934205D9174B29
:101B70005B8A40F6C312934206D8134B1B6843F4AA
:101B80000063114A136005E00F4B1B6823F40063E8
:101B90000D4A13600D4B1B8F41F2FE0293420BD88E
:101BA0000A4B5B8841F22A22934205D8074B5B8A95
:101BB00041F22A2293420DD9034B1B6843F4805310
:101BC000014A13600CE000BFB0020020D0030020E7
:101BD00080030020684B1B6823F48053664A13601F
:101BE000664BDB8FB3F52F7F3BD8644B1A8F634B6B
:101BF0005B889A4208D9614B1B8F1A465F4B5B8802
:101C0000D31AB3F52F7F2CD85C4B1A8F5B4B5B8AB2
:101C10009A4208D9594B1B8F1A46584B5B8AD31AE4
:101C2000B3F52F7F1DD8554B5A88544B5B8F9A4282
:101C300008D9524B5B881A46504B5B8FD31AB3F5C9
:101C40002F7F0ED84D4B5A8A4C4B5B8F9A420FD93F
:101C50004A4B5B8A1A46494B5B8FD31AB3F52F7FE9
:101C600006D9454B1B6843F40053434A136005E013
:101C7000414B1B6823F400533F4A13603E4B1A68E4
:101C80003F4B1340002B04D03E4B002283F83D20F5
:101C900003E03C4B012283F83D20384BDB8C43F6BC
:101CA0009822934206D8344BDB6843F00203324A51
:101CB000D36005E0304BDB6823F002032E4AD3608B
:101CC0002E4B5B8F41F20302934222D92B4BB3F987
:101CD0002A30312B1DDC284BDB6803F00803002B76
:101CE00017D0264BB3F85230012B04D0234BB3F856
:101CF0004E301D2B0DD8204BDB6843F004031E4AE9
:101D0000D360214B01229A711C4B0022A3F8522070
:101D100005E0194BDB6823F00403174AD3601B4B23
:101D20001B78DBB2002B08D0184B00221A70124B24
:101D3000DB6843F02003104AD360154B1B78DBB2FD
:101D4000002B08D0124B00221A700B4BDB6843F0BB
:101D50001003094AD3600F4B1B78DBB2002B09D06C
:101D60000C4B00221A70044BDB6843F00803024A54
:101D7000D36000BF00BF80BDB0020020D0030020B0
:101D8000033B0300800300200C030020C603002057
:101D9000C5030020C403002080B400AF064B00221E
:101DA0001A60054B00225A84034B49F270429A8410
:101DB00000BFBD4680BC7047B002002080B500AFB8
:101DC000064A0A21064808F0B1FF64230A220449A2
:101DD000044807F0A6FC00BF80BD00BF60EE00080D
:101DE000380700205806002080B500AF064A0A21B7
:101DF000064808F09BFF64230A220449044807F0C0
:101E000090FC00BF80BD00BF68EE000838070020CE
:101E10005806002080B400AF124B002283F83C200B
:101E2000104B002283F839200E4B002283F8382013
:101E30000D4B00229A710C4B00225A710B4B002261
:101E40001A800B4BDB6823F01003094AD360084B60
:101E5000DB6823F00803064AD36000BFBD4680BCA0
:101E6000704700BF800300200C0300206E04002098
:101E7000B002002080B485B000AF78607B68052296
:101E800083F858207B680022DA877B680022A3F859
:101E900040207B6809221A707B6800225A857B6883
:101EA00046F67812DA847B680022A3F842207B6829
:101EB0000022A3F844207B6809221A707B684FF047
:101EC00000021A637B684FF000025A637B684FF090
:101ED00000029A637B680022A3F850200023FB6075
:101EE00008E07A68FB685B00134400225A80FB68B4
:101EF0000133FB607B681B781A46FB689342F0DB7A
:101F00007B6800225A877B6800221A870023BB6007
:101F10000EE07A68BB685B00134459887A68BB6836
:101F200008335B0013440A469A80BB680133BB60E8
:101F30007B681B781A46BB689342EADB7B68002209
:101F4000A3F852207B680022A3F856207B6842F257
:101F50002832A3F8542000BF1437BD4680BC704718
:101F600090B585B000AF78601423BB600023FB738D
:101F700012E0BB68DBB2FC7B184602F00FFC0346A4
:101F800019467A68630013440A465A80BB680233D4
:101F9000BB60FB7B0133FB737B681B78FA7B9A4247
:101FA000E7D300BF00BF1437BD4690BD80B582B0F7
:101FB00000AF7860362002F0F1FB03461A467B68DA
:101FC0001A8500BF0837BD4680BD80B483B000AF1E
:101FD00078607B685A887B689B8813449AB27B68D8
:101FE000DB8813449AB27B681B8913449AB27B68DE
:101FF0005B8913449AB27B689B8913449AB27B68CD
:10200000DB8913449AB27B681B8A13449AB27B68BB
:102010005B8A13449AB27B68DA8400BF0C37BD46F2
:1020200080BC704780B582B000AF786002F0E2FB00
:1020300003461AB27B685A8500BF0837BD4680BD8B
:1020400080B582B000AF7860702002F0E9FB0246F4
:102050007B68DA62722002F0E3FB02467B681A6357
:10206000742002F0DDFB02467B685A6300BF08372C
:10207000BD4680BD80B485B000AF78607B689B8929
:10208000FB817B689B89BB810123BB601EE07A6872
:10209000BB685B0013445B88FA899A4205D27A6870
:1020A000BB685B0013445B88FB817A68BB685B009C
:1020B00013445B88BA899A4205D97A68BB685B0089
:1020C00013445B88BB81BB680133BB607B681B78B2
:1020D000013BBA689A42DADB7B68FA891A877B6827
:1020E000BA895A8700BF1437BD4680BC704780B498
:1020F00083B000AF78607B681A8F7B685B8FD31AE0
:102100009AB27B689A8700BF0C37BD4680BC704787
:1021100080B485B000AF78607B689B89FB817B6869
:102120009B89BB810023BB6023E07A68BB685B00AE
:1021300013445B88FA899A4205D27A68BB685B00CF
:1021400013445B88FB817A68BB685B0013445B883F
:10215000BA899A420AD97A68BB685B0013445B88E3
:10216000BB81BB689AB27B68A3F85020BB6801337F
:10217000BB607B681B781A46BB689342D5DB7B68E3
:10218000FA89A3F84A207B68BA89A3F84C20FA8917
:10219000BB89D31A9AB27B68A3F84E2000BF1437CC
:1021A000BD4680BC704780B483B000AF78607B6868
:1021B00000221A807B6800221A717B6896225A805E
:1021C00000BF0C37BD4680BC704780B483B000AF01
:1021D00078607B6800221A807B6800221A717B6815
:1021E00000225A717B684FF416725A807B684FF454
:1021F000C8629A607B6800221A617B680022DA60FC
:1022000000BF0C37BD4680BC7047000084B090B45E
:1022100000AF07F1080484E80F00044B1B68BA699B
:102220001A6400BFBD4690BC04B070471006002081
:1022300080B582B000AF786002F09AFB02F0D5FB67
:102240004FF47A7003F03AF87B6800221A807B68BA
:102250004FF4E1725A807B6800221A717B680F226A
:10226000DA8000BF0837BD4680BD00002DE9F04F81
:102270008BB008AF78608D4B5B6803F00303002BD5
:1022800057D08A4B5B6803F48043002B51D07B68A6
:1022900093F8A830012B0FD07B68B3F8AA30002B3D
:1022A0000AD17B68012283F8A8207B680322A3F867
:1022B000AA207B680622DA807B6803F108007C4B49
:1022C0007C4A282108F032FD7B6803F130007A4B0C
:1022D000784A282108F02AFD7B6803F15800774BE3
:1022E000744A282108F022FD704B5B6803F48033A8
:1022F000002B0FD07B68DB8843F008039AB27B6821
:10230000DA807B6803F180006D4B6A4A282108F06F
:102310000DFD07E07B6803F180006A4B654A2821C8
:1023200008F004FD01220921674800F0CFFD00F00C
:10233000D6BC5E4B5B6803F00303002B57D05B4BAE
:102340005B6803F47C53002B51D07B6893F8A83072
:10235000022B0FD07B68B3F8AA30002B0AD17B6820
:10236000022283F8A8207B680322A3F8AA207B68B6
:102370000622DA807B6803F108004D4B4D4A282184
:1023800008F0D4FC7B6803F130004B4B494A28210C
:1023900008F0CCFC7B6803F158004C4B454A2821DF
:1023A00008F0C4FC414B5B6803F48033002B0FD072
:1023B0007B68DB8843F008039AB27B68DA807B682D
:1023C00003F180003E4B3B4A282108F0AFFC07E0B8
:1023D0007B6803F180003B4B364A282108F0A6FCBD
:1023E00001220921384800F071FD00F078BC2F4B24
:1023F0005B6803F00303002B6CD02C4B5B6803F489
:102400007C53002B66D17B6893F8A830032B0FD048
:102410007B68B3F8AA30002B0AD17B68032283F8CB
:10242000A8207B680322A3F8AA207B680222DA8016
:102430007B6803F108001E4B1E4A282108F076FC39
:102440007B6803F130001C4B1A4A282108F06EFC0F
:102450007B6803F158001E4B164A282108F066FCE1
:10246000124B5B6803F48033002B0FD07B68DB8852
:1024700043F008039AB27B68DA807B6803F180003E
:102480000F4B0C4A282108F051FC07E07B6803F150
:1024900080000C4B074A282108F048FC0122092142
:1024A000094800F013FD00F01ABC00BFB002002084
:1024B00070EE000888EE00088CEE0008A4EE00081C
:1024C000BCEE0008CCEE000834040020D0EE00087A
:1024D000E8EE0008804B5B6803F00303002B56D145
:1024E0007D4B5B6803F48043002B50D07B6893F8EE
:1024F000A830042B0FD07B68B3F8AA30002B0AD188
:102500007B68042283F8A8207B680322A3F8AA2012
:102510007B680422DA807B6803F108006F4B704A05
:10252000282108F003FC7B6803F130006D4B6C4AF6
:10253000282108F0FBFB7B6803F158006A4B684ACE
:10254000282108F0F3FB644B5B6803F48033002B15
:102550000FD07B68DB8843F008039AB27B68DA808F
:102560007B6803F18000614B5D4A282108F0DEFBA7
:1025700007E07B6803F180005D4B594A282108F091
:10258000D5FB012209215B4800F0A0FCA7E3524BD8
:102590005B6803F00303002B56D14F4B5B6803F4D9
:1025A0007C53002B50D07B6893F8A830052B0FD0BC
:1025B0007B68B3F8AA30002B0AD17B68052283F828
:1025C000A8207B680322A3F8AA207B680422DA8073
:1025D0007B6803F10800414B414A282108F0A6FB23
:1025E0007B6803F130003F4B3D4A282108F09EFBF9
:1025F0007B6803F15800404B394A282108F096FBCC
:10260000354B5B6803F48033002B0FD07B68DB888D
:1026100043F008039AB27B68DA807B6803F180009C
:10262000324B2F4A282108F081FB07E07B6803F139
:1026300080002F4B2A4A282108F078FB012209212B
:102640002C4800F043FC4AE3234B1B6903F02003B2
:10265000002B59D07B68B3F8AA30002B54D17B688B
:1026600093F8A830062B14D07B68B3F8AA30002B5F
:102670000FD17B68062283F8A8207B680322A3F889
:10268000AA207B680822DA8001220921194800F07B
:102690001DFC7B6803F10800104B114A282108F04B
:1026A00045FB7B6803F13000144BB3F84030144A0B
:1026B000282108F03BFB7B6803F158000C4B084ACB
:1026C000282108F033FB7B6803F180000D4B044A9E
:1026D000282108F02BFB02E3B002002070EE000876
:1026E00088EE000800EF0008A4EE0008BCEE000829
:1026F000CCEE000834040020D0EE0008D003002007
:1027000018EF00082CEF0008A74B1B6903F0040327
:10271000002B00F003817B68B3F8AA30002B40F057
:10272000FD807B6893F8A830062B0AD07B680622D0
:1027300083F8A8207B680322A3F8AA207B680122E3
:10274000DA807B6803F10800984B994A282108F049
:10275000EDFA7B6803F13006964B5B881846FEF76E
:10276000B9FA034694491846FEF70CFB034618468F
:10277000FDF75AFE04460D468E4B9B881846FEF721
:10278000A9FA03468C491846FEF7FCFA0346184698
:10279000FDF74AFE80468946864BDB881846FEF7E1
:1027A00099FA034684491846FEF7ECFA03461846A0
:1027B000FDF73AFE82468B467E4BDB8C1846FEF7D1
:1027C00089FA03467C491846FEF7DCFA03461846A8
:1027D000FDF72AFE02460B46CDE90623CDE904AB00
:1027E000CDE90289CDE90045744A2821304608F038
:1027F0009DFA7B6803F158066E4B1B891846FEF75D
:1028000069FA03466C491846FEF7BCFA03461846B7
:10281000FDF70AFE04460D46664B5B891846FEF737
:1028200059FA034664491846FEF7ACFA03461846BF
:10283000FDF7FAFD804689465E4B9B891846FEF7F8
:1028400049FA03465C491846FEF79CFA03461846C7
:10285000FDF7EAFD02460B46CDE90423CDE90289E6
:10286000CDE90045564A2821304608F05FFA7B68DA
:1028700003F180064F4BDB891846FEF72BFA03461F
:102880004D491846FEF77EFA03461846FDF7CCFD83
:1028900004460D46474B1B8A1846FEF71BFA0346B3
:1028A00045491846FEF76EFA03461846FDF7BCFD8B
:1028B000804689463F4B5B8A1846FEF70BFA034673
:1028C0003D491846FEF75EFA03461846FDF7ACFD93
:1028D00082468B46374BB3F92A301846FEF7FEF98D
:1028E000034635491846FEF74DFA03461846FDF7EC
:1028F0009BFD02460B46CDE90623CDE904ABCDE9AD
:102900000289CDE900452F4A2821304608F00EFA09
:10291000012207212C4800F0D9FAE0E1224B1B6983
:1029200003F00803002B59D17B68B3F8AA30002BC1
:1029300054D17B6893F8A830072B14D07B68B3F888
:10294000AA30002B0FD17B68072283F8A8207B6870
:102950000322A3F8AA207B680822DA800122012141
:10296000194800F0B3FA7B680833184A2821184642
:1029700008F0DCF97B6803F13000154B0C4A282184
:1029800008F0D4F97B6803F15800124B084A28215B
:1029900008F0CCF97B6803F180000F4B044A282132
:1029A00008F0C4F99BE100BFB002002044EF00082A
:1029B00088EE0008D00300206F12833A5CEF000815
:1029C00074EF00088CEF00083404002070EE00085B
:1029D00000EF0008E8EE00082CEF0008844B1B69AC
:1029E00003F01003002B40F015817B68B3F8AA3088
:1029F000002B40F00F817B6893F8A830082B0FD094
:102A00007B68082283F8A8207B680322A3F8AA2009
:102A10007B680122DA8001220121764800F056FA13
:102A20007B6803F10800744B744A282108F07EF992
:102A30007B6803F13006724B5B881846FEF74AF953
:102A4000034670491846FEF79DF903461846FDF700
:102A5000EBFC04460D466A4B9B881846FEF73AF994
:102A6000034668491846FEF78DF903461846FDF7F8
:102A7000DBFC80468946624BDB881846FEF72AF964
:102A8000034660491846FEF77DF903461846FDF7F0
:102A9000CBFC82468B465A4BDB8C1846FEF71AF964
:102AA000034658491846FEF76DF903461846FDF7E8
:102AB000BBFC02460B46CDE90623CDE904ABCDE9CC
:102AC0000289CDE90045504A2821304608F02EF908
:102AD0007B6803F158064A4B1B891846FEF7FAF843
:102AE000034648491846FEF74DF903461846FDF7D8
:102AF0009BFC04460D46424B5B891846FEF7EAF8FC
:102B0000034640491846FEF73DF903461846FDF7CF
:102B10008BFC804689463A4B9B891846FEF7DAF8CB
:102B2000034638491846FEF72DF903461846FDF7C7
:102B30007BFC02460B46CDE90423CDE90289CDE9B1
:102B40000045324A2821304608F0F0F87B6803F14E
:102B500080062B4BDB891846FEF7BCF80346294953
:102B60001846FEF70FF903461846FDF75DFC0446CC
:102B70000D46234B1B8A1846FEF7ACF80346214945
:102B80001846FEF7FFF803461846FDF74DFC804651
:102B900089461B4B5B8A1846FEF79CF80346194989
:102BA0001846FEF7EFF803461846FDF73DFC82464F
:102BB0008B46134BB3F92A301846FEF78FF80346BD
:102BC00010491846FEF7DEF803461846FDF72CFCC0
:102BD00002460B46CDE90623CDE904ABCDE90289D7
:102BE000CDE900450A4A2821304608F09FF876E0F2
:102BF000B002002034040020A4EF000888EE000892
:102C0000D00300206F12833A5CEF000874EF0008D5
:102C10008CEF0008344B1B6903F01003002B5ED0CF
:102C20007B68B3F8AA30002B59D17B6893F8A830A1
:102C3000092B0FD07B68092283F8A8207B68032228
:102C4000A3F8AA207B680122DA800122012127480B
:102C500000F03CF97B6803F10800254B254A282148
:102C600008F064F87B6803F13000234B214A2821E7
:102C700008F05CF87B6803F158041B4B9B8C1846EA
:102C8000FEF728F803461D491846FEF77BF8034671
:102C90001846FDF7C9FB02460B46CDE90023184A4A
:102CA0002821204608F042F87B6803F18004154B88
:102CB000DB8C1846FEF70EF8034610491846FEF75F
:102CC00061F803461846FDF7AFFB02460B46CDE917
:102CD00000230D4A2821204608F028F800BF0C37B1
:102CE000BD46BDE8F08F00BFB002002034040020D4
:102CF000BCEF000888EE0008C8EF00086F12833AA6
:102D0000D8EF0008D0030020E4EF000880B582B0BF
:102D100000AF78607B68B3F8AA30002B07D07B68DF
:102D2000B3F8AA30013B9AB27B68A3F8AA20474BBC
:102D30001B78002B4FD07B68DB8803F00103002B4E
:102D400005D0434A0021002001F05AFE06E07B68CE
:102D500008331A460021002001F052FE7B68DB8810
:102D600003F00203002B05D0394A0021012001F0B5
:102D700047FE06E07B6830331A460021012001F04F
:102D80003FFE7B68DB8803F00403002B05D0304A4C
:102D90000021022001F034FE06E07B6858331A4619
:102DA0000021022001F02CFE7B68DB8803F0080381
:102DB000002B05D0264A0021032001F021FE06E069
:102DC0007B6880331A460021032001F019FE1F4B57
:102DD00000221A7037E07B68DB8803F00103002BC8
:102DE00006D07B6808331A460021002001F008FE57
:102DF0007B68DB8803F00203002B06D07B6830334E
:102E00001A460021012001F0FBFD7B68DB8803F0FE
:102E10000403002B06D07B6858331A460021022099
:102E200001F0EEFD7B68DB8803F00803002B06D081
:102E30007B6880331A460021032001F0E1FD034B3B
:102E400001221A7000BF0837BD4680BD3204002041
:102E5000F0EF000880B483B000AF78607B68002298
:102E60001A807B6800221A717B6800225A717B6885
:102E700000229A717B684FF496725A807B68002218
:102E80001A817B6800229A817B6842F21072DA8193
:102E90007B6800221A7400BF0C37BD4680BC7047A7
:102EA00080B582B000AF78607B680022DA807B68F2
:102EB00000229A727B6864221A81012201217868BB
:102EC00000F004F800BF0837BD4680BD80B483B071
:102ED00000AF78600B467B8013463B807B685B8845
:102EE000002B0AD17B683A885A807B687A881A80DE
:102EF0007B6800229A80012300E0002318460C37EB
:102F0000BD4680BC7047000080B483B000AF7860DD
:102F10007B6801221A707B68A72283F83A207B68BD
:102F200004225A707B68002283F838207B680022D4
:102F300083F839207B68002283F83C207B680022DC
:102F400083F83B207B68002283F83D207B684FF0AC
:102F500000021A647B684FF4EF62DA807B6840F607
:102F6000D9429A807B684FF4FA621A817B680E4AD4
:102F70001A627B684FF439625A817B684FF4386279
:102F80009A817B683F22DA817B6840F2E2621A8292
:102F90007B6840F20F325A827B683F229A8200BFE0
:102FA0000C37BD4680BC70470000B44284B080B589
:102FB00082B000AF786007F1140080E80E007A8CD0
:102FC0007B68DB889A4204D97B68A12283F83A2087
:102FD0001DE03A8C7B689B889A4204D97B68A222C8
:102FE00083F83A2013E07B681A6C7B681B6A1946E9
:102FF0001046FEF783F80346002B04D07B68A3221B
:1030000083F83A2003E07B68A72283F83A207B68A4
:1030100093F83A30A72B03D07B6806221A7056E04B
:10302000B7F86C207B685B8A9A420FD27B681B786A
:10303000032B0BD07B681B78042B07D07B681B7895
:10304000062B03D07B6801221A7040E07B681B7856
:10305000012B0FD1B7F86C207B685B899A4209D2AB
:10306000B7F86C207B685B8A9A4203D37B680222A4
:103070001A702CE07B681B78022B03D17B6803223B
:103080001A7024E07B681B78032B08D13A8CB7F8C0
:103090006C309A4203D37B6804221A7017E07B6875
:1030A0001B78042B08D17B6893F83C30002B03D0AD
:1030B0007B6805221A700AE07B681B78052B06D115
:1030C0007B685B78022B02D17B6807221A703A8CEE
:1030D0007B689B899A4208D37A8C7B68DB899A4209
:1030E00003D27B6802225A701EE03A8C7B685B89AF
:1030F0009A4208D37A8C7B68DB899A4203D97B6831
:1031000001225A7010E03A8C7B685B899A4208D29F
:103110003A8C7B681B8A9A4203D97B6800225A70DA
:1031200002E07B6804225A7000BF0837BD46BDE844
:10313000804004B07047000082B080B586B004AF14
:103140007860396007F1100181E80C000021386ACD
:1031500000F070F8002303933B6A02936A4607F17C
:10316000180393E8030082E8030007F110030CCB77
:103170001E491F4800F02AFC7B68002283F82C209F
:103180003B68002283F82C20FB69009307F11003B1
:103190000ECB786800F072FBFB69009307F1100317
:1031A0000ECB386800F002FB124B1B681A6A114BF9
:1031B0001B6822F005021A620E4B1B685A6C0D4BFD
:1031C0001B6822F400425A640A4B1B681A68094BB8
:1031D0001B6822F001021A60386A01F041FC00BF4E
:1031E0000837BD46BDE8804002B07047200300208C
:1031F000500300203805002080B485B000AF78600F
:103200007B68FB600A4B1B68FA689A4206D9084B38
:103210001B680133064A1360002303E0044B0022BD
:103220001A60012318461437BD4680BC704700BFA2
:103230004004002080B584B000AF78600B46FB707E
:103240004FF4C473FB81FB78002B03D10F4B1E227C
:103250001A8016E04FF49670FFF7CEFF0346002B5E
:103260000FD00A4B1B88FA899A420AD9074B1B8850
:1032700001339AB2054B1A80044B1B881A467B68AF
:103280009A6000BF1037BD4680BD00BFB00000206F
:1032900080B483B000AF78607B68002283F8392067
:1032A00000BF0C37BD4680BC704780B483B000AF10
:1032B00078607B68012283F8392000BF0C37BD4657
:1032C00080BC704780B500AF01211048FFF7B2FF06
:1032D0000E4801F0D9FB0E4B1B681A6A0C4B1B6899
:1032E00042F005021A620A4B1B685A6C084B1B68B5
:1032F00042F400425A64064B1B681A68044B1B6870
:1033000042F001021A6000BF80BD00BFE802002049
:103310003805002080B582B000AF78600F4B1B6885
:103320001A6A0E4B1B6822F005021A620B4B1B68CF
:103330005A6C0A4B1B6822F400425A64074B1B6804
:103340001A68064B1B6822F001021A607868FFF7C2
:10335000ACFF00BF0837BD4680BD00BF3805002068
:1033600080B582B000AF78600F4B1B681A6A0E4BB5
:103370001B6822F005021A620B4B1B685A6C0A4B41
:103380001B6822F400425A64074B1B681A68064BFC
:103390001B6822F001021A607868FFF779FF00BF0E
:1033A0000837BD4680BD00BF3805002080B582B01B
:1033B00000AF78600F4B1B681A6A0E4B1B6822F037
:1033C00005021A620B4B1B685A6C0A4B1B6822F4ED
:1033D00000425A64074B1B681A68064B1B6822F0B0
:1033E00001021A607868FFF753FF00BF0837BD4637
:1033F00080BD00BF3805002080B582B000AF786086
:1034000039607B680F221A807B681B881A4601236B
:1034100093401846FCF7F6FFA7A3D3E90023FDF776
:103420005BF802460B4610461946FDF705FB0246BF
:103430007B685A607B681B881A46012393401846B4
:10344000FCF7E0FF9EA3D3E90023FDF745F8024611
:103450000B4610461946FDF7EFFA02467B689A6064
:103460007B681B881A46012393401846FCF7CAFF65
:1034700095A3D3E90023FDF72FF802460B4610462B
:103480001946FDF7D9FA02467B68DA607B681B882B
:103490001A46012393401846FCF7B4FF4FF0000290
:1034A0009D4BFDF719F802460B4610461946FDF7ED
:1034B000C3FA02467B681A617B681B881A4601239F
:1034C00093401846FCF79EFF81A3D3E90023FDF744
:1034D00003F802460B4610461946FDF7ADFA0246C0
:1034E0007B681A627B6800225A617B681B881A46D7
:1034F000012393401846FCF785FF77A3D3E9002307
:10350000FCF7EAFF02460B4610461946FDF794FA0F
:1035100002467B689A617B681B881A4601239340A8
:103520001846FCF76FFF6EA3D3E90023FCF7D4FF26
:1035300002460B4610461946FDF77EFA02467B68A6
:10354000DA617B6800225A627B68002283F82C20B3
:103550007B6800229A623B680E221A803B681B88B7
:103560001A46012393401846FCF74CFF5EA3D3E9AB
:103570000023FCF7B1FF02460B4610461946FDF743
:103580005BFA02463B685A603B681B881A46012377
:1035900093401846FCF736FF55A3D3E90023FCF708
:1035A0009BFF02460B4610461946FDF745FA0246B8
:1035B0003B689A603B681B881A4601239340184673
:1035C000FCF720FF4CA3D3E90023FCF785FF02465C
:1035D0000B4610461946FDF72FFA02463B68DA60A3
:1035E0003B681B881A46012393401846FCF70AFFE4
:1035F00043A3D3E90023FCF76FFF02460B461046B6
:103600001946FDF719FA02463B681A613B681B88A8
:103610001A46012393401846FCF7F4FE3AA3D3E977
:103620000023FCF759FF02460B4610461946FDF7EA
:1036300003FA02463B681A623B6800225A613B6803
:103640001B881A46012393401846FCF7DBFE4FF017
:103650000002314BFCF740FF02460B46104619466C
:10366000FDF7EAF902463B689A613B681B881A46F7
:10367000012393401846FCF7C5FE25A3D3E9002398
:10368000FCF72AFF02460B4610461946FDF7D4F90F
:1036900002463B68DA613B6800225A623B680022BE
:1036A00083F82C203B6800229A6200BF0837BD4691
:1036B00080BD00BFAFF3008000000000E3363A3F5A
:1036C00000000000D0128341000000A0D1F01C3F98
:1036D000000000E0BBB1593F000000608FC2ED3F29
:1036E000000000A09999A93F000000206A4DA33F67
:1036F0000000008041DC7140000000002F439D3F2E
:103700006666666666E6424000000080BA268A3F2A
:10371000000000A09999B93F0000F83F80B485B03F
:1037200000AFF860B9607A607B681B68FA689A42FB
:1037300006D97B681A68BB681A447B681A6000BFA8
:1037400000BF1437BD4680BC704780B485B000AF61
:10375000F860B9607A60FB685A6AFB689B699A42B4
:103760000ADDFB689A69FB685A62FB689A697B68A4
:10377000D21ABB681A6015E0FB685A6AFB68DB69FD
:103780009A420ADAFB68DA69FB685A62FB68DA690E
:103790007B68D21ABB681A6004E0FB685A6AFB684F
:1037A0005A6200BF1437BD4680BC704784B080B5F4
:1037B00082B000AF786007F1140080E80E007B68EB
:1037C0001B6A3A8C03FB02F27B685A617B6893F8B0
:1037D0002C30002B10D1254B00221A60244B0022E4
:1037E0001A60244B00221A60234B4FF4C0421A6027
:1037F0007B6800225A6233E07B681A697B685B69E8
:10380000D31A1A4A13607B685B68184A126802FB75
:1038100003F37A6812881341164A13607B68DB68E9
:10382000134A126802FB03F37A68128843FA02F221
:10383000114B1B681344104A13600C4B1B680C4A55
:1038400013600C4B1A680C4B1B681A447B685A6255
:10385000084B1B681A4608497868FFF776FF00BFD7
:103860000837BD46BDE8804004B0704748040020DA
:103870004C04002050040020B400002084B080B527
:1038800082B000AF786007F1140080E80E007B681A
:103890001B6A7A8C03FB02F27B685A617B6893F89F
:1038A0002C30002B10D1254B00221A60244B002213
:1038B0001A60244B00221A607B689B6A224A1360BC
:1038C0007B6800225A6233E07B681A697B685B6917
:1038D000D31A1A4A13607B685B68184A126802FBA5
:1038E00003F37A6812881341164A13607B68DB6819
:1038F000134A126802FB03F37A68128843FA02F251
:10390000114B1B681344104A13600E4B1A680E4B80
:103910001B681A447B685A62084B1B68084A13608C
:10392000084B1B681A4608497868FFF70EFF00BF6E
:103930000837BD46BDE8804004B0704754040020FD
:10394000580400205C0400206004002084B0B0B55E
:1039500082B000AF786007F11C0080E80E003B8D5C
:103960001846FDF7B7F9034616491846FDF7BEFAA3
:1039700003461A46144B1A60134B1B681846FCF793
:1039800053FD04460D467B681B881A46012393406D
:103990001846FCF737FD02460B4620462946FCF741
:1039A0009BFD02460B4610461946FDF745F80246B8
:1039B0007B689A6200BF0837BD46BDE8B04004B0DE
:1039C000704700BF006056456404002082B0B0B567
:1039D00086B002AF7860396007F1200181E80C0001
:1039E000FB6A009307F120030ECB7868FFF7DEFE39
:1039F0003B681A887B681B889A420AD97B685A6A96
:103A00003B681B8819467B681B88CB1A02FA03F3B4
:103A100009E07B685A6A7B681B8819463B681B88EB
:103A2000CB1A42FA03F3FB6097F83430002B03D132
:103A30002F4B00221A604FE097F83430012B4BD106
:103A40002B4B1B68FA689A4205D9294A0121F8686C
:103A5000FFF764FE02E0264AFB681360244B1B68F4
:103A60001A463B681A61FB6A009307F120030ECBEC
:103A70003868FFF703FF3B685B6A1846FCF7C2FC37
:103A800004460D463B681B881A460123934018469E
:103A9000FCF7B8FC02460B4620462946FCF746FEDA
:103AA00002460B4610461946FDF70EF80346BB606A
:103AB0003B6B1B681846FDF70DF90346B9681846BD
:103AC000FDF760F903461846FDF722FB02463B6B03
:103AD0009A60386B00F0D8FF054B1B681A46054BFF
:103AE0001A6000BF1037BD46BDE8B04002B0704755
:103AF000680400204404002080B500AFFDF7A2FC5C
:103B0000034B1B680133024A136000BF80BD00BF36
:103B10002807002080B582B000AF0346FB80FB88F9
:103B20001846FDF739FC054B1B8801339AB2034B4D
:103B30001A8000BF0837BD4680BD00BF2C0700209B
:103B400080B500AF01F058FB00F01AF800F012FB4E
:103B500000F0E2FA00F0D6F800F0B4FA00F0A0F9B4
:103B600000F066F800F0FCF800F0E6F900F032FA38
:103B7000FDF792FBFDF730FEFDF76AFB00BFF9E7AA
:103B800080B594B000AF07F1280328220021184621
:103B900007F08FF907F1140300221A605A609A6047
:103BA000DA601A613B1D00221A605A609A60DA607E
:103BB0000223BB620123BB631023FB6302237B64EC
:103BC0000023BB644FF46013FB6407F1280318461D
:103BD00003F0DEFF0346002B01D000F02FFB0F2384
:103BE0007B610223BB610023FB614FF480633B6276
:103BF00000237B6207F114030221184604F04AFAFD
:103C00000346002B01D000F019FB02237B604FF428
:103C10004043FB603B1D184604F0CAFB0346002BE3
:103C200001D000F00BFB00BF5037BD4680BD000047
:103C300080B584B000AF3B1D00221A605A609A60C4
:103C40002E4B2F4A1A602D4B4FF480729A602B4BEB
:103C500000221A73294B00221A75284B4FF4602258
:103C6000DA61264B00225A60244B04221A61234851
:103C700001F048FB0346002B01D000F0DFFA0423DB
:103C80007B600123BB600023FB603B1D19461B4882
:103C900001F010FE0346002B01D000F0CFFA0523FF
:103CA0007B600223BB603B1D1946144801F002FEF5
:103CB0000346002B01D000F0C1FA06237B600323EA
:103CC000BB603B1D19460D4801F0F4FD0346002B77
:103CD00001D000F0B3FA07237B600423BB603B1DD7
:103CE0001946064801F0E6FD0346002B01D000F01E
:103CF000A5FA00BF1037BD4680BD00BF700400208C
:103D00000024014080B500AF124B134A1A60114BDA
:103D1000124A5A600F4B00229A600E4B0022DA6062
:103D20000C4B4FF480421A610A4B00225A61094B36
:103D300000229A61074B0022DA61064B00221A62C8
:103D4000044802F03FFD0346002B01D000F076FA54
:103D500000BF80BDE404002000540040A0860100A4
:103D600080B596B000AF07F1480300221A605A6090
:103D70009A60DA6007F1400300221A605A6007F186
:103D8000240300221A605A609A60DA601A615A614C
:103D90009A613B1D20220021184607F08AF83E4B0D
:103DA0003E4A1A603C4B00225A603B4B00229A600C
:103DB000394B4FF4A072DA60374B00221A61364B50
:103DC00000225A61344B80229A61334804F05CFC33
:103DD0000346002B01D000F031FA4FF48053BB644E
:103DE00007F1480319462C4804F0E6FF0346002B70
:103DF00001D000F023FA284804F032FD0346002BDE
:103E000001D000F01BFA00233B6400237B6407F120
:103E100040031946204805F073FB0346002B01D0F0
:103E200000F00CFA60237B62A023BB620023FB62DC
:103E300000233B6300237B630023BB630023FB63FE
:103E400007F1240300221946134804F0F3FE034649
:103E5000002B01D000F0F2F900237B600023BB604F
:103E60000023FB6013233B6100237B614FF400536D
:103E7000BB6100233B623B1D1946074805F09EFBD2
:103E80000346002B01D000F0D9F9034800F058FF99
:103E900000BF5837BD4680BD38050020002C0140CA
:103EA00080B586B000AF07F1080300221A605A609F
:103EB0009A60DA603B4600221A605A601D4B4FF050
:103EC00080421A601B4B00225A601A4B00229A60F3
:103ED000184B4FF6FF72DA60164B00221A61154B31
:103EE00080229A61134804F0CFFB0346002B01D0D7
:103EF00000F0A4F94FF48053BB6007F108031946A2
:103F00000C4804F059FF0346002B01D000F096F94D
:103F100000233B6000237B603B461946054805F0C3
:103F2000EFFA0346002B01D000F088F900BF1837E4
:103F3000BD4680BD8005002080B586B000AF07F18A
:103F4000080300221A605A609A60DA603B46002239
:103F50001A605A601D4B1E4A1A601C4B00225A60A0
:103F60001A4B00229A60194B41F6FF02DA60174B98
:103F700000221A61154B80229A61144804F084FBD8
:103F80000346002B01D000F059F94FF48053BB6079
:103F900007F1080319460D4804F00EFF0346002BF5
:103FA00001D000F04BF900233B6000237B603B46CF
:103FB0001946064805F0A4FA0346002B01D000F08C
:103FC0003DF900BF1837BD4680BD00BFC8050020C1
:103FD0000004004080B58EB000AF07F12803002236
:103FE0001A605A609A60DA6007F1200300221A60B2
:103FF0005A603B1D00221A605A609A60DA601A61AA
:104000005A619A612D4B2E4A1A602C4B00225A603D
:104010002A4B00229A60294B40F23F62DA60274B1C
:1040200000221A61254B80229A61244804F02CFB5F
:104030000346002B01D000F001F94FF48053BB621E
:1040400007F1280319461D4804F0B6FE0346002B6D
:1040500001D000F0F3F8194804F002FC0346002BED
:1040600001D000F0EBF800233B6200237B6207F1F4
:1040700020031946114805F043FA0346002B01D0EE
:1040800000F0DCF860237B604FF44863BB600223E0
:10409000FB6000237B613B1D0C221946074804F09E
:1040A000C9FD0346002B01D000F0C8F8034800F01A
:1040B00047FE00BF3837BD4680BD00BF1006002058
:1040C0000008004080B500AF114B124A1A60104B37
:1040D0004FF416525A600E4B00229A600C4B00228D
:1040E000DA600B4B00221A61094B0C225A61084B13
:1040F00000229A61064B0022DA61054805F0C1FAF8
:104100000346002B01D000F099F800BF80BD00BF2E
:10411000580600200038014080B582B000AF144B33
:104120005B69134A43F001035361114B5B6903F070
:1041300001037B607B68002200210B2001F039FF26
:104140000B2001F052FF002200210E2001F031FF70
:104150000E2001F04AFF002200210F2001F029FF6C
:104160000F2001F042FF00BF0837BD4680BD00BFF1
:104170000010024080B588B000AF07F110030022A4
:104180001A605A609A60DA60284B9B69274A43F0AC
:1041900010039361254B9B6903F01003FB60FB68E0
:1041A000224B9B69214A43F0040393611F4B9B6997
:1041B00003F00403BB60BB681C4B9B691B4A43F0C4
:1041C00008039361194B9B6903F008037B607B68CC
:1041D00000224FF46041164802F0ABFA4FF46043FE
:1041E0003B6101237B610023BB610223FB6107F17B
:1041F000100319460E4802F001F94FF400633B61C9
:104200000C4B7B610123BB6107F1100319460A487F
:1042100002F0F4F800220021282001F0CAFE282034
:1042200001F0E3FE00BF2037BD4680BD0010024014
:1042300000100140000011100008014080B400AFE0
:1042400072B600BF00BFFDE780B483B000AF7860F6
:104250007B689B6843F4A0027B689A6000BF0C37C0
:10426000BD4680BC704780B483B000AF78607B6887
:1042700000221A807B6800225A807B6800229A8084
:104280007B680022DA807B6800221A817B6800222A
:104290005A817B6800229A817B680022DA8100BF04
:1042A0000C37BD4680BC704780B483B000AF7860E7
:1042B0007B681A887B681A817B685A887B685A8178
:1042C0007B689A887B689A817B68DB8840F61E420F
:1042D000934206D87B68DB88C3F541630F339AB2FB
:1042E00000E000227B68DA8100BF0C37BD4680BC4D
:1042F0007047000080B500AF4FF0FF31044801F077
:10430000D9F80346002B01D000BF00BF00BF80BD1D
:104310007004002080B500AF034B1B681846FFF700
:1043200093FF00BF80BD00BF7004002080B485B043
:1043300000AF78600B46FB700023BB730023FB7358
:1043400009E0FB7B7A6813441A78BB7B1344BB7388
:10435000FB7B0133FB73FA7BFB789A42F1D3BB7B87
:10436000DB43BB73BB7B18461437BD4680BC70472C
:1043700080B586B004AF03463960FB711346BB714C
:10438000FB799AB2BB799BB24FF47A710291019397
:104390003B68009301231021034802F055FC00BF45
:1043A0000837BD4680BD00BFE404002080B586B05C
:1043B00004AF03463960FB711346BB71FB799AB2B7
:1043C000BB799BB24FF47A71029101933B680093E1
:1043D00001231021034802F031FD0023184608375D
:1043E000BD4680BDE404002080B586B000AF034622
:1043F0003960FB8013467B710023BB82464A07F17C
:104400000C0392E80300186004331980FB88DBB2C8
:104410003B73FB881B0A9BB2DBB27B733B68DBB24E
:10442000BB737B79042B48D0042B71DC012B02D0A9
:10443000022B1FD06CE007F10C03032219463E202B
:10444000FFF796FF022000F039FF07F10C0303216C
:104450001846FFF76BFF03463B7505237B7507F195
:104460001403022219466020FFF782FF022000F0A9
:1044700025FF4DE03B681B0ADBB2FB7307F10C0321
:10448000042219463E20FFF773FF022000F016FFBA
:1044900007F10C0304211846FFF748FF03463B755C
:1044A00006237B7507F11403022219466020FFF7EB
:1044B0005FFF022000F002FF2AE03B681B0ADBB22C
:1044C000FB733B681B0CDBB23B743B681B0EDBB21F
:1044D0007B7407F10C03062219463E20FFF748FFC4
:1044E000022000F0EBFE07F10C0306211846FFF74F
:1044F0001DFF03463B7508237B7507F11403022259
:1045000019466020FFF734FF022000F0D7FE00BFFD
:1045100000BF1837BD4680BD08F0000880B584B0E4
:1045200000AF0346FB800023BB81FB88DBB23B73FB
:10453000FB881B0A9BB2DBB27B7307F10C030222E0
:1045400019463E20FFF714FF022000F0B7FE00BF1F
:104550001037BD4680BD000080B584B000AF034673
:10456000FB710B46BB801346BB710023BB81BB882C
:10457000DBB23B73BB881B0A9BB2DBB27B73BB799C
:10458000002B08D1FB7902220B491846FFF70EFFDA
:10459000022000F093FEBB79012B09D107F10C0139
:1045A000FB7902221846FFF7E3FE022000F086FEA8
:1045B00000BF1037BD4680BD3407002080B500AF76
:1045C0001220FFF7ABFF3C2000F078FE9020FFF7B1
:1045D000A5FF02224FF4365149F23420FFF704FFC1
:1045E0000122012149F23720FFF7FEFE01220D21B1
:1045F00049F23620FFF7F8FE0122002149F2FB20A4
:10460000FFF7F2FE0122072149F2FD20FFF7ECFE41
:10461000012200214FF41340FFF7E6FE022240F290
:10462000FF1149F20430FFF7DFFE0122BC2149F2FD
:104630006120FFF7D9FE0122F42149F26220FFF741
:10464000D3FE02224FF6860149F26D20FFF7CCFE21
:104650000122072149F23530FFF7C6FE02226FF032
:104660007E0149F23630FFF7BFFE02227F2149F278
:104670003730FFF7B9FE02227F2149F23830FFF7C9
:10468000B3FE0222012149F23930FFF7ADFE0222CA
:10469000052149F23A30FFF7A7FE022240F6C41185
:1046A00049F23B30FFF7A0FE02220A2149F23D30D9
:1046B000FFF79AFE0222052149F23E30FFF794FEF1
:1046C000022240F6C41149F23F30FFF78DFE02226C
:1046D0000F2149F24130FFF787FE02220A2149F2F9
:1046E0004230FFF781FE02220A2149F21230FFF721
:1046F0007BFE02224FF4FA7149F21030FFF774FE8C
:104700000122312149F27520FFF76EFE01225E2160
:1047100049F27820FFF768FE0122322149F2802019
:10472000FFF762FE01220A2149F28220FFF75CFEB8
:104730000122052149F28620FFF756FE01220321BE
:1047400049F28720FFF750FE0122012149F295200E
:10475000FFF74AFE9220FFF7E1FE0A2000F0AEFDCF
:104760002220FFF7DBFE0A2000F0A8FD00F00BF886
:104770000A2000F0A3FD9A20FFF7D0FEF02000F001
:104780009DFD00BF80BD80B500AF9520FFF7C6FE40
:10479000022000F093FD00BF80BD000080B582B014
:1047A00000AF0346FB71FB79002200211846FFF79A
:1047B000D3FEFB79132B0BD9FB79322B08D80C4B8A
:1047C0005B781B029BB20A4A127813449BB20BE03F
:1047D000074B5B781B02064A127813449BB21A46B9
:1047E000920013445B009BB218460837BD4680BD5B
:1047F0003407002080B500AF002200213A20FFF7E7
:10480000ABFE054B5B781B029BB2034A1278134444
:104810009BB2184680BD00BF340700200000000096
:1048200080B582B000AF0346FB71FB790022002106
:104830001846FFF791FE184B5B781B02164A127858
:1048400013441846FCF74AFA03461846FBF7ECFDFA
:104850000DA3D3E90023FBF73FFE02460B461046AB
:1048600019460BA3D3E90023FBF77EFC02460B4657
:1048700010461946FCF728F9034618460837BD4686
:1048800080BD00BFAFF300809A9999999999B93F7B
:1048900066666666661271403407002080B500AF18
:1048A0009620FFF73BFE022000F008FD00BF80BD10
:1048B00080B586B002AF0346FB71FB7923F00F038E
:1048C000FB73FB791B01BB73FB7B43F00C03DBB277
:1048D0003B72FB7B43F00803DBB27B72BB7B43F094
:1048E0000C03DBB2BB72BB7B43F00803DBB2FB7291
:1048F00007F108026423009304234E21034802F0C9
:10490000A5F800BF1037BD4680BD00BFE4040020FD
:1049100080B586B002AF0346FB71FB7923F00F032D
:10492000FB73FB791B01BB73FB7B43F00D03DBB215
:104930003B72FB7B43F00903DBB27B72BB7B43F032
:104940000D03DBB2BB72BB7B43F00903DBB2FB722E
:1049500007F108026423009304234E21034802F068
:1049600075F800BF1037BD4680BD00BFE4040020CD
:1049700080B500AF322000F0A1FC0320FFF798FFC4
:10498000052000F09BFC0320FFF792FF012000F0C0
:1049900095FC0320FFF78CFF0A2000F08FFC02201B
:1049A000FFF786FF0A2000F089FC2820FFF780FF30
:1049B000012000F083FC0820FFF77AFF012000F0BF
:1049C0007DFC0620FFF774FF012000F077FC0C202F
:1049D000FFF76EFF012000F071FC0120FFF768FF78
:1049E000012000F06BFC00BF80BD80B500AF01204E
:1049F000FFF75EFF022000F061FC00BF80BD0000F9
:104A000080B582B000AF03463A60FB710B46BB71C4
:104A1000FB79124AD25CBB791344DBB21846FFF72C
:104A200047FF09E03B685A1C3A601B781846FFF7BD
:104A30006FFFBB790133BB713B681B78002BF1D151
:104A400002E02020FFF764FFBB795A1CBA71132BD8
:104A5000F7D900BF0837BD4680BD00BFBC000020AD
:104A600080B483B000AF78607B6840F2AB121A600C
:104A70007B681E229A607B681922DA6000BF0C37BF
:104A8000BD4680BC7047000080B483B000AF786042
:104A90000E4B1B687A681268DA620C4B1B687A68E6
:104AA00092685A637B68DB68FF2B0AD8074B1B6848
:104AB0005B6C23F0FF017B68DA68044B1B680A43D8
:104AC0005A6400BF0C37BD4680BC704738050020D3
:104AD00080B485B000AF154B9B69144A43F00103C5
:104AE0009361124B9B6903F00103BB60BB680F4BE2
:104AF000DB690E4A43F08053D3610C4BDB6903F052
:104B000080537B607B680A4B5B68FB60FB6823F02B
:104B1000E063FB60FB6843F00073FB60044AFB68E2
:104B2000536000BF1437BD4680BC70470010024080
:104B30000000014080B588B000AF786007F1100335
:104B400000221A605A609A60DA607B681B68284A03
:104B5000934249D1274B9B69264A43F400739361E2
:104B6000244B9B6903F40073FB60FB68214B9B693A
:104B7000204A43F0040393611E4B9B6903F0040336
:104B8000BB60BB68F0233B6103237B6107F110032B
:104B90001946194801F032FC184B194A1A60174B94
:104BA00000225A60154B00229A60144B8022DA6072
:104BB000124B4FF480721A61104B4FF480625A61AD
:104BC0000E4B20229A610D4B0022DA610B4801F056
:104BD00027FA0346002B01D0FFF730FB7B68074A1A
:104BE0001A62064A7B68536200BF2037BD4680BD0B
:104BF000002401400010024000080140A0040020F1
:104C00000800024080B588B000AF786007F110035B
:104C100000221A605A609A60DA607B681B68154A45
:104C2000934223D1144B9B69134A43F008039361C9
:104C3000114B9B6903F00803FB60FB68C0233B61D9
:104C400012237B610323FB6107F1100319460B4814
:104C500001F0D4FB084BDB69074A43F40013D3612E
:104C6000054BDB6903F40013BB60BB6800BF203752
:104C7000BD4680BD0054004000100240000C0140C1
:104C800080B586B000AF78607B681B68284A934285
:104C90000CD1284B9B69274A43F400639361254B51
:104CA0009B6903F400637B617B693CE07B681B6864
:104CB000B3F1804F0CD11F4BDB691E4A43F0010357
:104CC000D3611C4BDB6903F001033B613B692AE0C4
:104CD0007B681B68184A934214D1164BDB69154A4E
:104CE00043F00203D361134BDB6903F00203FB6063
:104CF000FB68002200211D2001F05BF91D2001F05E
:104D000074F910E07B681B680C4A93420BD1094B85
:104D1000DB69084A43F00403D361064BDB6903F007
:104D20000403BB60BB6800BF1837BD4680BD00BF31
:104D3000002C014000100240000400400008004028
:104D400080B58AB000AF786007F1180300221A60BE
:104D50005A609A60DA607B681B682C4A934232D1B1
:104D60002B4B9B692A4A43F008039361284B9B69AC
:104D700003F008037B617B69254B9B69244A43F060
:104D800004039361224B9B6903F004033B613B697D
:104D90004FF40053BB610223FB6102237B6207F1E6
:104DA000180319461B4801F029FB4FF48073BB61BF
:104DB0000223FB6102237B6207F1180319461648A0
:104DC00001F01CFB1DE07B681B68144A934218D15C
:104DD0000F4B9B690E4A43F0080393610C4B9B6990
:104DE00003F00803FB60FB684FF40073BB61022310
:104DF000FB6102237B6207F118031946054801F0A5
:104E0000FDFA00BF2837BD4680BD00BF002C014021
:104E100000100240000C0140000801400008004062
:104E200080B588B000AF786007F1100300221A60E7
:104E30005A609A60DA607B681B68424A93427DD16F
:104E4000414B9B69404A43F4804393613E4B9B69CD
:104E500003F48043FB60FB683B4B9B693A4A43F099
:104E600004039361384B9B6903F00403BB60BB6888
:104E70004FF400733B6102237B610323FB6107F165
:104E800010031946314801F0B9FA4FF480633B61D1
:104E900000237B610023BB6107F1100319462B48F7
:104EA00001F0ACFA2A4B2B4A1A60294B10225A60A7
:104EB000274B00229A60264B8022DA60244B002286
:104EC0001A61234B00225A61214B20229A61204B08
:104ED0000022DA611E4801F0A3F80346002B01D03E
:104EE000FFF7ACF97B681A4A9A63194A7B685362E8
:104EF000194B1A4A1A60184B00225A60164B0022AE
:104F00009A60154B8022DA60134B00221A61124B13
:104F100000225A61104B20229A610F4B0022DA6165
:104F20000D4801F07DF80346002B01D0FFF786F90C
:104F30007B68094ADA63084A7B68536200BF2037FE
:104F4000BD4680BD0038014000100240000801400D
:104F5000A006002044000240E40600205800024061
:104F600080B400AF00BFFDE780B400AF00BFFDE735
:104F700080B400AF00BFFDE780B400AF00BFFDE725
:104F800080B400AF00BFFDE780B400AF00BFBD46F6
:104F900080BC704780B400AF00BFBD4680BC704786
:104FA00080B400AF00BFBD4680BC704780B500AF85
:104FB00000F068F900BF80BD80B500AF024801F085
:104FC000E9F800BF80BD00BFA004002080B500AF9D
:104FD000024801F0DFF800BF80BD00BFA00600203E
:104FE00080B500AF024801F0D5F800BF80BD00BF1A
:104FF000E406002080B500AF034803F02BFDFEF768
:105000007BFD00BF80BD00BFC805002080B500AF9C
:105010004FF4006001F0BEFB00BF80BD80B400AF64
:1050200001231846BD4680BC704780B582B000AFF2
:105030007860396005F090FF034616221A604FF041
:10504000FF3318460837BD4680BD80B582B000AF3B
:1050500078604FF0FF317868FFF7E7FF00BFFDE7AA
:1050600080B586B000AFF860B9607A6000237B61DC
:105070000AE0AFF300800146BB685A1CBA60CAB2AE
:105080001A707B6901337B617A697B689A42F0DB35
:105090007B6818461837BD4680BD80B586B000AF26
:1050A000F860B9607A6000237B6109E0BB685A1C34
:1050B000BA601B781846AFF300807B6901337B61CF
:1050C0007A697B689A42F1DB7B6818461837BD46DF
:1050D00080BD80B483B000AF78604FF0FF331846D6
:1050E0000C37BD4680BC704780B483B000AF786099
:1050F00039603B684FF400525A60002318460C3761
:10510000BD4680BC704780B483B000AF7860012397
:1051100018460C37BD4680BC704780B485B000AFE0
:10512000F860B9607A60002318461437BD4680BC29
:105130007047000080B586B000AF7860144A154B08
:10514000D31A7B617B693B61134B1B68002B02D137
:10515000114B124A1A60104B1A687B6813443A6963
:105160009A4207D205F0F8FE03460C221A604FF06F
:10517000FF3309E0084B1B68FB60074B1A687B682C
:105180001344054A1360FB6818461837BD4680BDB6
:1051900000500020000400005C070020B008002040
:1051A00080B400AF00BFBD4680BC7047FFF7F8FF7A
:1051B0000B480C490C4A002302E0D458C450043375
:1051C000C4188C42F9D3094A094C002301E013604A
:1051D0000432A242FBD305F0C5FEFEF7B1FC7047D6
:1051E0000000002094020020B4F400089402002083
:1051F000B0080020FEE7000080B500AF084B1B6838
:10520000074A43F010031360032000F0C7FE0F208D
:1052100000F008F8FFF75CFC0023184680BD00BFD3
:105220000020024080B582B000AF7860124B1A684F
:10523000124B1B7819464FF47A73B3FBF1F3B2FBB0
:10524000F3F3184600F0DFFE0346002B01D00123E4
:105250000EE07B680F2B0AD8002279684FF0FF30F0
:1052600000F0A7FE064A7B681360002300E00123DC
:1052700018460837BD4680BDC0000020C800002089
:10528000C400002080B400AF054B1B781A46054BC4
:105290001B681344034A136000BFBD4680BC7047BF
:1052A000C80000206007002080B400AF024B1B68DC
:1052B0001846BD4680BC70476007002080B584B0AA
:1052C00000AF7860FFF7F0FFB8607B68FB60FB68B9
:1052D000B3F1FF3F05D00A4B1B781A46FB68134415
:1052E000FB6000BFFFF7E0FF0246BB68D31AFA6815
:1052F0009A42F7D800BF00BF1037BD4680BD00BF3F
:10530000C800002080B586B000AF78600023FB7530
:1053100000233B610023BB600023FB607B68002B04
:1053200001D10123BEE07B689B68002B7B689B6AF0
:10533000002B09D17B680022DA627B68002283F8A7
:1053400024207868FFF7F6FB786800F005FC034638
:10535000FB757B689B6A03F01003002B40F099807B
:10536000FB7D002B40F095807B689B6A23F488537B
:1053700023F0020343F002027B689A627B685A685A
:105380007B68DB691A437B681B7B5B001343BA684D
:105390001343BB607B689B68B3F5807F03D07B6859
:1053A0009B68012B02D14FF4807300E000233A691F
:1053B00013433B617B681B7D012B19D17B681B7BF1
:1053C000002B09D17B689B69013B5A033B6913435E
:1053D00043F400633B610BE07B689B6A43F020026F
:1053E0007B689A627B68DB6A43F001027B68DA6261
:1053F0007B681B685B6823F469417B681B683A69BA
:105400000A435A607B681B689A68284B13407A6885
:105410001268B9680B4393607B689B68B3F5807F23
:1054200003D07B689B68012B04D17B681B69013B1F
:105430001B05FB607B681B68DB6A23F470017B68DB
:105440001B68FA680A43DA627B681B689A68184B23
:105450001340BA689A420BD17B680022DA627B68FB
:105460009B6A23F0030343F001027B689A6218E011
:105470007B689B6A23F0120343F010027B689A62F8
:105480007B68DB6A43F001027B68DA620123FB750B
:1054900007E07B689B6A43F010027B689A620123F5
:1054A000FB75FB7D18461837BD4680BDFDF7E1FF53
:1054B000FE0E1FFF90B587B000AF78603960002303
:1054C0007B610023FB6000233B61FFF7EDFE786109
:1054D0007B681B689B6803F48073002B0BD07B6890
:1054E0009B6A43F020027B689A627B68002283F803
:1054F00024200123D3E07B681B685B6803F480737E
:10550000002B31D17B681B68DB6A03F47003002B2E
:105510002AD121E03B68B3F1FF3F1DD03B68002B4F
:1055200007D0FFF7C1FE02467B69D31A3A689A4258
:1055300012D27B681B681B6803F00203002B0BD19F
:105540007B689B6A43F004027B689A627B68002256
:1055500083F824200323A2E07B681B681B6803F008
:105560000203002BD6D070E04F4B1C68022002F0E3
:10557000D5FF0346B4FBF3F27B681B6819694B4BFC
:105580000B40002B18D17B681B68D968484B0B4037
:10559000002B11D17B681B681969464B0B40002B0F
:1055A00008D17B681B68D968434B0B40002B01D1A5
:1055B000142320E029231EE07B681B6819693D4BFA
:1055C0000B40002B06D17B681B68D9683A4B0B4017
:1055D000002B0DD07B681B681969384B0B40002BE2
:1055E00008D17B681B68D968344B0B40002B01D174
:1055F000542300E0FC2302FB03F33B6121E03B6802
:10560000B3F1FF3F1AD03B68002B07D0FFF74CFEE9
:1056100002467B69D31A3A689A420FD2FB683A690C
:105620009A420BD97B689B6A43F004027B689A62BA
:105630007B68002283F82420032330E0FB680133D9
:10564000FB60FB683A699A42D9D87B681B686FF0A7
:1056500012021A607B689B6A43F400727B689A624C
:105660007B681B689B6803F46023B3F5602F15D13A
:105670007B681B7B002B11D17B689B6A23F48072B3
:105680007B689A627B689B6A03F48053002B05D188
:105690007B689B6A43F001027B689A62002318468C
:1056A0001C37BD4690BD00BFC00000202449922495
:1056B00024499200922449129224490049922400DC
:1056C00080B586B000AFF860B9607A600023FB75E2
:1056D000FB681B68644A934204D0FB681B68634AFA
:1056E000934206D1604B5B6803F47023002B40F0BB
:1056F000B380FB6893F82430012B01D10223AEE084
:10570000FB68012283F82420F86800F0CBF90346F7
:10571000FB75FB7D002B40F09A80FB689B6A23F4AD
:10572000706323F0010343F48072FB689A62FB68A4
:105730001B684E4A934205D14B4B5B6803F47023C0
:10574000002B15D1FB689B6A23F48012FB689A62D8
:10575000FB681B685B6803F48063002B26D0FB6842
:105760009B6A23F4405343F48052FB689A621DE025
:10577000FB689B6A43F48012FB689A62FB681B68B3
:10578000394A934204D0FB681B68384A93420DD1D2
:10579000354B5B6803F48063002B07D0FB689B6A82
:1057A00023F4405343F48052FB689A62FB689B6A7F
:1057B00003F48053002B06D0FB68DB6A23F006025B
:1057C000FB68DA6202E0FB680022DA62FB68002212
:1057D00083F82420FB681B6A254A9A62FB681B6ACF
:1057E000244ADA62FB681B6A234A1A63FB681B6857
:1057F0006FF002021A60FB681B689A68FB681B68FE
:1058000042F480729A60FB68186AFB681B684C332C
:105810001946BA687B6800F05DFCFB681B689B68F2
:1058200003F46023B3F5602F08D1FB681B689A6806
:10583000FB681B6842F4A0029A600FE0FB681B68DB
:105840009A68FB681B6842F480129A6006E0FB6865
:10585000002283F8242001E00123FB75FB7D18461C
:105860001837BD4680BD00BF00240140002801401C
:10587000DB5B0008575C0008735C000880B483B0F1
:1058800000AF786000BF0C37BD4680BC704780B465
:1058900083B000AF786000BF0C37BD4680BC704756
:1058A00080B483B000AF786000BF0C37BD4680BCC9
:1058B0007047000080B485B000AF78603960002385
:1058C000FB730023BB607B6893F82430012B01D16C
:1058D0000223DCE07B68012283F824203B685B68BC
:1058E000062B1CD87B681B68596B3B685A681346AB
:1058F0009B001344053B1F2202FA03F3DB431940CC
:105900003B6818683B685A6813469B001344053B84
:1059100000FA03F27B681B680A435A633CE03B6869
:105920005B680C2B1CD87B681B68196B3B685A683A
:1059300013469B001344233B1F2202FA03F3DB436D
:1059400019403B6818683B685A6813469B0013442B
:10595000233B00FA03F27B681B680A431A631BE0CF
:105960007B681B68D96A3B685A6813469B001344DE
:10597000413B1F2202FA03F3DB4319403B681868DE
:105980003B685A6813469B001344413B00FA03F2FC
:105990007B681B680A43DA623B681B68092B1CD9C9
:1059A0007B681B68D9683B681A6813465B00134420
:1059B0001E3B072202FA03F3DB4319403B68986859
:1059C0003B681A6813465B0013441E3B00FA03F25F
:1059D0007B681B680A43DA6019E07B681B681969F9
:1059E0003B681A6813465B001344072202FA03F36C
:1059F000DB4319403B6898683B681A6813465B00B4
:105A0000134400FA03F27B681B680A431A613B687F
:105A10001B68102B03D03B681B68112B32D17B68AD
:105A20001B681D4A934225D17B681B689B6803F461
:105A30000003002B26D17B681B689A687B681B6873
:105A400042F400029A603B681B68102B1AD1134B7A
:105A50001B68134AA2FB03239A0C13469B001344B2
:105A60005B00BB6002E0BB68013BBB60BB68002B16
:105A7000F9D107E07B689B6A43F020027B689A6259
:105A80000123FB737B68002283F82420FB7B1846EC
:105A90001437BD4680BC704700240140C000002080
:105AA00083DE1B4380B584B000AF78600023FB60C9
:105AB0000023BB607B681B689B6803F00103012B1C
:105AC00040D07B681B689A687B681B6842F00102C3
:105AD0009A601F4B1B681F4AA2FB03239B0CBB60F1
:105AE00002E0BB68013BBB60BB68002BF9D1FFF74C
:105AF000DBFBF8601FE0FFF7D7FB0246FB68D31A19
:105B0000022B18D97B681B689B6803F00103012BEB
:105B100011D07B689B6A43F010027B689A627B68B5
:105B2000DB6A43F001027B68DA627B68002283F85B
:105B30002420012307E07B681B689B6803F00103B6
:105B4000012BD8D1002318461037BD4680BD00BFB9
:105B5000C000002083DE1B4380B584B000AF7860B6
:105B60000023FB607B681B689B6803F00103012B2B
:105B70002ED17B681B689A687B681B6822F0010243
:105B80009A60FFF791FBF8601BE0FFF78DFB024680
:105B9000FB68D31A022B14D97B681B689B6803F03F
:105BA0000103012B0DD17B689B6A43F010027B68D7
:105BB0009A627B68DB6A43F001027B68DA62012348
:105BC00007E07B681B689B6803F00103012BDCD0B6
:105BD000002318461037BD4680BD80B584B000AFA5
:105BE00078607B685B6AFB60FB689B6A03F050032C
:105BF000002B27D1FB689B6A43F40072FB689A6212
:105C0000FB681B689B6803F46023B3F5602F15D114
:105C1000FB681B7B002B11D1FB689B6A23F480720D
:105C2000FB689A62FB689B6A03F48053002B05D1E2
:105C3000FB689B6A43F00102FB689A62F868FFF711
:105C40001DFE04E0FB681B6A1B6B7868984700BF69
:105C50001037BD4680BD80B584B000AF78607B68EA
:105C60005B6AFB60F868FFF712FE00BF1037BD46A5
:105C700080BD80B584B000AF78607B685B6AFB60F4
:105C8000FB689B6A43F04002FB689A62FB68DB6A30
:105C900043F00402FB68DA62F868FFF701FE00BF18
:105CA0001037BD4680BD000090B587B000AF78606A
:105CB0000023FB750023FB607B6893F82430012BE5
:105CC00001D1022397E07B68012283F824207868C1
:105CD000FFF742FF0346FB757868FFF7E3FE0346D4
:105CE000FB75FB7D002B40F081807B689B6A23F471
:105CF000885323F0020343F002027B689A62404B10
:105D00001C68022002F00AFC0346B4FBF3F35B00BC
:105D1000FB6002E0FB68013BFB60FB68002BF9D1F4
:105D20007B681B689A687B681B6842F008029A606F
:105D3000FFF7BAFA38611BE0FFF7B6FA02463B6993
:105D4000D31A0A2B14D97B681B689B6803F00803DD
:105D5000002B0DD07B689B6A23F0120343F01002E6
:105D60007B689A627B68002283F82420012342E04A
:105D70007B681B689B6803F00803002BDCD17B6801
:105D80001B689A687B681B6842F004029A60FFF700
:105D90008BFA38611BE0FFF787FA02463B69D31A9A
:105DA0000A2B14D97B681B689B6803F00403002B43
:105DB0000DD07B689B6A23F0120343F010027B68CE
:105DC0009A627B68002283F82420012313E07B6819
:105DD0001B689B6803F00403002BDCD17B689B6A83
:105DE00023F0030343F001027B689A627B68002280
:105DF00083F82420FB7D18461C37BD4690BD00BFAC
:105E0000C000002080B485B000AF78607B6803F0EC
:105E10000703FB600C4BDB68BB60BA684FF6FF03FF
:105E20001340BB60FB681A02BB68134343F0BF63B7
:105E300043F40033BB60044ABB68D36000BF14372F
:105E4000BD4680BC704700BF00ED00E080B400AFED
:105E5000044BDB681B0A03F007031846BD4680BCF1
:105E6000704700BF00ED00E080B483B000AF034690
:105E7000FB7197F90730002B0BDBFB7903F01F0256
:105E8000064997F907305B09012000FA02F241F850
:105E9000232000BF0C37BD4680BC704700E100E006
:105EA00080B483B000AF03463960FB7197F90730C7
:105EB000002B0ADB3B68DAB20C4997F90730120174
:105EC000D2B20B4483F800230AE03B68DAB20849F7
:105ED000FB7903F00F03043B1201D2B20B441A7694
:105EE00000BF0C37BD4680BC704700BF00E100E03A
:105EF00000ED00E080B489B000AFF860B9607A606E
:105F0000FB6803F00703FB61FB69C3F10703042B84
:105F100028BF0423BB61FB690433062B02D9FB694C
:105F2000033B00E000237B614FF0FF32BB6902FAC4
:105F300003F3DA43BB681A407B699A404FF0FF31A4
:105F40007B6901FA03F3D9437B680B40134318467E
:105F50002437BD4680BC704780B582B000AF786002
:105F60007B68013BB3F1807F01D301230FE00A4A34
:105F70007B68013B53600F214FF0FF30FFF790FF2C
:105F8000054B00229A60044B07221A600023184632
:105F90000837BD4680BD00BF10E000E080B582B08C
:105FA00000AF78607868FFF72DFF00BF0837BD4667
:105FB00080BD80B586B000AF0346B9607A60FB73E0
:105FC00000237B61FFF742FF78617A68B9687869DE
:105FD000FFF790FF024697F90F3011461846FFF77A
:105FE0005FFF00BF1837BD4680BD80B582B000AFEF
:105FF0000346FB7197F907301846FFF735FF00BFDE
:106000000837BD4680BD80B582B000AF7860786843
:10601000FFF7A2FF034618460837BD4680BD0000C3
:1060200080B485B000AF78600023FB607B68002BF4
:1060300001D1012343E07B681B681A46224B1344BD
:10604000224AA2FB03231B099A007B681A647B681F
:106050001F4ADA637B68022283F821207B681B6871
:106060001B68FB60FB6823F47F5323F03003FB6065
:106070007B685A687B689B681A437B68DB681A43B5
:106080007B681B691A437B685B691A437B689B6961
:106090001A437B68DB691343FA681343FB607B6830
:1060A0001B68FA681A607B6800229A637B68012289
:1060B00083F821207B68002283F8202000231846E3
:1060C0001437BD4680BC7047F8FFFDBFCDCCCCCCAB
:1060D0000000024080B586B000AFF860B9607A6019
:1060E0003B600023FB75FB6893F82030012B01D146
:1060F00002234BE0FB68012283F82020FB6893F821
:106100002130DBB2012B3AD1FB68022283F8212037
:10611000FB6800229A63FB681B681A68FB681B68AF
:1061200022F001021A603B687A68B968F86800F0EA
:1061300037F9FB68DB6A002B08D0FB681B681A681C
:10614000FB681B6842F00E021A600FE0FB681B68D8
:106150001A68FB681B6822F004021A60FB681B685F
:106160001A68FB681B6842F00A021A60FB681B6829
:106170001A68FB681B6842F001021A6005E0FB68C0
:10618000002283F820200223FB75FB7D1846183778
:10619000BD4680BD80B584B000AF78607B68DB6BA6
:1061A0001B68FB607B681B681B68BB607B681B6CA3
:1061B00004229A40FB681340002B4FD0BB6803F0C9
:1061C0000403002B4AD07B681B681B6803F0200384
:1061D000002B07D17B681B681A687B681B6822F05C
:1061E00004021A607B681B68664A934229D07B6868
:1061F0001B68654A934222D07B681B68634A9342BE
:106200001AD07B681B68624A934212D07B681B6875
:10621000604A93420AD07B681B685F4A934202D16E
:106220004FF480030EE04FF080630BE04FF48023C7
:1062300008E04FF4804305E04FF4806302E0402320
:1062400000E00423554A53607B68DB6A002B00F0B2
:1062500094807B68DB6A786898478EE07B681B6C6B
:1062600002229A40FB681340002B56D0BB6803F013
:106270000203002B51D07B681B681B6803F02003CE
:10628000002B0BD17B681B681A687B681B6822F0A7
:106290000A021A607B68012283F821207B681B6850
:1062A000384A934229D07B681B68374A934222D0F0
:1062B0007B681B68354A93421AD07B681B68344A56
:1062C000934212D07B681B68324A93420AD07B68A3
:1062D0001B68314A934202D14FF400130EE04FF095
:1062E00000730BE04FF4003308E04FF4005305E077
:1062F0004FF4007302E0202300E00223274A53609A
:106300007B68002283F820207B689B6A002B34D0B6
:106310007B689B6A786898472FE07B681B6C082233
:106320009A40FB681340002B28D0BB6803F0080399
:10633000002B23D07B681B681A687B681B6822F0DF
:106340000E021A607B681A6C7B68DB6B012101FA14
:1063500002F25A607B6801229A637B68012283F80B
:1063600021207B68002283F820207B681B6B002B98
:1063700004D07B681B6B7868984700BF00BF10375C
:10638000BD4680BD080002401C00024030000240B3
:1063900044000240580002406C00024000000240ED
:1063A00080B485B000AFF860B9607A603B60FB688C
:1063B0001A6CFB68DB6B012101FA02F25A60FB6880
:1063C0001B683A685A60FB685B68102B08D1FB6851
:1063D0001B687A689A60FB681B68BA68DA6007E035
:1063E000FB681B68BA689A60FB681B687A68DA60A9
:1063F00000BF1437BD4680BC7047000080B48BB02E
:1064000000AF7860396000237B6200233B6269E162
:1064100001227B6A02FA03F3FB613B681B68FA699D
:106420001340BB61BA69FB699A4240F058813B68EE
:106430005B689A4A93425ED0984A934275D8984ACC
:10644000934258D0964A93426FD8964A934252D07C
:10645000944A934269D8944A93424CD0924A9342C8
:1064600063D8924A934246D0904A93425DD8122B09
:106470002AD8122B59D801A252F823F0F764000849
:10648000D1640008E3640008256500082B65000856
:106490002B6500082B6500082B6500082B6500089C
:1064A0002B6500082B6500082B6500082B6500088C
:1064B0002B6500082B6500082B6500082B6500087C
:1064C000D9640008ED640008794A934213D02CE0A7
:1064D0003B68DB683B6229E03B68DB6804333B6276
:1064E00024E03B68DB6808333B621FE03B68DB6805
:1064F0000C333B621AE03B689B68002B02D10423FB
:106500003B6213E03B689B68012B05D108233B628B
:106510007B68FA691A6109E008233B627B68FA69C3
:106520005A6103E000233B6200E000BFBB69FF2B20
:1065300001D87B6801E07B6804337B61BB69FF2B7A
:1065400002D87B6A9B0002E07B6A083B9B003B61B0
:106550007B691A680F213B6901FA03F3DB431A4098
:10656000396A3B6901FA03F31A437B691A603B6895
:106570005B6803F08053002B00F0B1804D4B9B69AA
:106580004C4A43F0010393614A4B9B6903F00103BA
:10659000BB60BB68484A7B6A9B08023352F82330D1
:1065A000FB607B6A03F003039B000F2202FA03F3F4
:1065B000DB43FA681340FB607B68404A934213D088
:1065C0007B683F4A93420DD07B683E4A934207D096
:1065D0007B683D4A934201D1032306E0042304E093
:1065E000022302E0012300E000237A6A02F00302A2
:1065F00092009340FA681343FB602F497B6A9B0823
:106600000233FA6841F823203B685B6803F4801387
:10661000002B06D02D4B9A682C49BB6913438B6025
:1066200006E02A4B9A68BB69DB43284913408B601C
:106630003B685B6803F40013002B06D0234BDA6839
:106640002249BB691343CB6006E0204BDA68BB6983
:10665000DB431E491340CB603B685B6803F40033A7
:10666000002B06D0194B5A681849BB6913434B607D
:1066700006E0164B5A68BB69DB43144913404B6074
:106680003B685B6803F48033002B21D00F4B1A6802
:106690000E49BB6913430B6021E000BF00003210BC
:1066A0000000311000002210000021100000121024
:1066B00000001110001002400000014000080140DD
:1066C000000C014000100140001401400004014092
:1066D0000B4B1A68BB69DB43094913400B607B6AAB
:1066E00001337B623B681A687B6A22FA03F3002B52
:1066F0007FF48EAE00BF00BF2C37BD4680BC704714
:106700000004014080B485B000AF78600B467B8008
:106710007B689A687B881340002B02D00123FB73AF
:1067200001E00023FB73FB7B18461437BD4680BC99
:10673000704780B483B000AF78600B467B8013460F
:106740007B707B78002B03D07A887B681A6103E02A
:106750007B881A047B681A6100BF0C37BD4680BC79
:10676000704780B485B000AF78600B467B807B6853
:10677000DB68FB607A88FB6813401A04FB68D94326
:106780007B880B401A437B681A6100BF1437BD46F3
:1067900080BC704780B582B000AF0346FB80084BD9
:1067A0005A69FB881340002B06D0054AFB885361C9
:1067B000FB881846FDF7AEF900BF0837BD4680BD1F
:1067C0000004014080B584B000AF78607B68002B86
:1067D00001D101232BE17B6893F83D30DBB2002B24
:1067E00006D17B68002283F83C207868FEF70AFA1D
:1067F0007B68242283F83D207B681B681A687B68CD
:106800001B6822F001021A607B681B681A687B68AB
:106810001B6842F400421A607B681B681A687B6838
:106820001B6822F400421A6001F07CFDF8607B686E
:106830005B68814A934207D8FB68804A934294BFC1
:1068400001230023DBB206E0FB687D4A934294BF3C
:1068500001230023DBB2002B01D00123E7E0FB681A
:10686000784AA2FB03239B0CBB607B681B685B68B8
:1068700023F03F017B681B68BA680A435A607B6853
:106880001B681B6A23F03F017B685B686A4A93427E
:1068900002D8BB68013309E0BB684FF4967202FB73
:1068A00003F3694AA2FB03239B0901337A68126848
:1068B0000B4313627B681B68DB6923F44F4222F0B1
:1068C000FF027B685B685C498B4219D8FB68591EE4
:1068D0007B685B685B00B1FBF3F3591C40F6FC730B
:1068E0000B40002B0AD0FB68591E7B685B685B007D
:1068F000B1FBF3F30133C3F30B0351E004234FE087
:106900007B689B68002B11D1FB68581E7B68596817
:106910000B465B000B44B0FBF3F30133C3F30B03F3
:10692000002B0CBF01230023DBB212E0FB68581ED2
:106930007B6859680B469B000B4499000B44B0FBE5
:10694000F3F30133C3F30B03002B0CBF012300232C
:10695000DBB2002B01D0012322E07B689B68002B77
:106960000ED1FB68581E7B6859680B465B000B44D0
:10697000B0FBF3F30133C3F30B0343F400430FE025
:10698000FB68581E7B6859680B469B000B449900B6
:106990000B44B0FBF3F30133C3F30B0343F4404365
:1069A000796809681343CB617B681B681B6823F017
:1069B000C0017B68DA697B681B6A1A437B681B68C5
:1069C0000A431A607B681B689B6823F4034323F027
:1069D000FF037A6811697A68D26811437A6812688D
:1069E0000B4393607B681B68DB6823F0FF017B68C7
:1069F0005A697B689B691A437B681B680A43DA60A3
:106A00007B681B681A687B681B6842F001021A6089
:106A10007B6800221A647B68202283F83D207B6813
:106A200000221A637B68002283F83E200023184668
:106A30001037BD4680BD00BFA08601007F841E00C8
:106A4000FF083D0083DE1B43D34D621080B588B044
:106A500002AFF8607A601A460B467B8113463B8191
:106A6000FEF722FC7861FB6893F83D30DBB2202B07
:106A700040F0E0807B690093192301227049F86897
:106A800000F050FE0346002B01D00223D3E0FB6848
:106A900093F83C30012B01D10223CCE0FB680122AA
:106AA00083F83C20FB681B681B6803F00103012B83
:106AB00007D0FB681B681A68FB681B6842F001027C
:106AC0001A60FB681B681A68FB681B6822F4006286
:106AD0001A60FB68212283F83D20FB68102283F8AE
:106AE0003E20FB6800221A64FB687A685A62FB68E1
:106AF0003A895A85FB685B8D9AB2FB681A85FB68F8
:106B0000504ADA6279897B693A6AF86800F00AFCCF
:106B10000346002B01D001238DE000233B61FB687D
:106B20001B685B693B61FB681B689B693B613B6958
:106B300066E07A69396AF86800F00EFF0346002BB8
:106B40000DD0FB681B6C042B07D1FB681B681A680F
:106B5000FB681B6842F400721A6001236BE0FB685B
:106B60005B6A1A78FB681B681A61FB685B6A5A1CCF
:106B7000FB685A62FB685B8D9BB2013B9AB2FB6873
:106B80005A85FB681B8D013B9AB2FB681A85FB682E
:106B90001B685B6903F00403042B1BD1FB681B8D8E
:106BA000002B17D0FB685B6A1A78FB681B681A61B8
:106BB000FB685B6A5A1CFB685A62FB685B8D9BB280
:106BC000013B9AB2FB685A85FB681B8D013B9AB268
:106BD000FB681A857A69396AF86800F005FF034690
:106BE000002B0DD0FB681B6C042B07D1FB681B68C6
:106BF0001A68FB681B6842F400721A6001231AE0ED
:106C0000FB681B8D002B94D1FB681B681A68FB681E
:106C10001B6842F400721A60FB68202283F83D2052
:106C2000FB68002283F83E20FB68002283F83C20AA
:106C3000002300E0022318461837BD4680BD00BF80
:106C4000020010000000FFFF80B588B002AFF860BE
:106C5000084611461A4603467B810B463B81134684
:106C6000FB80FEF721FB7861FB6893F83D30DBB2D7
:106C7000202B40F0D9807B690093192301226D49B4
:106C8000F86800F04FFD0346002B01D00223CCE052
:106C9000FB6893F83C30012B01D10223C5E0FB686F
:106CA000012283F83C20FB681B681B6803F001038A
:106CB000012B07D0FB681B681A68FB681B6842F051
:106CC00001021A60FB681B681A68FB681B6822F4E3
:106CD00000621A60FB68212283F83D20FB68402295
:106CE00083F83E20FB6800221A64FB683A6A5A6205
:106CF000FB68BA8C5A85FB685B8D9AB2FB681A8573
:106D0000FB684D4ADA62F8883A8979897B69019390
:106D1000BB6A00930346F86800F086FB0346002B2D
:106D200052D0012381E07A69B96AF86800F014FE54
:106D30000346002B0DD0FB681B6C042B07D1FB68AE
:106D40001B681A68FB681B6842F400721A60012312
:106D50006BE0FB685B6A1A78FB681B681A61FB686A
:106D60005B6A5A1CFB685A62FB681B8D013B9AB236
:106D7000FB681A85FB685B8D9BB2013B9AB2FB688E
:106D80005A85FB681B685B6903F00403042B1BD165
:106D9000FB681B8D002B17D0FB685B6A1A78FB68B9
:106DA0001B681A61FB685B6A5A1CFB685A62FB68C5
:106DB0001B8D013B9AB2FB681A85FB685B8D9BB209
:106DC000013B9AB2FB685A85FB681B8D002BAAD148
:106DD0007A69B96AF86800F007FE0346002B0DD007
:106DE000FB681B6C042B07D1FB681B681A68FB68E7
:106DF0001B6842F400721A60012316E0FB681B68EE
:106E00001A68FB681B6842F400721A60FB68202253
:106E100083F83D20FB68002283F83E20FB680022B7
:106E200083F83C20002300E0022318461837BD46B3
:106E300080BD00BF020010000000FFFF80B58CB0D5
:106E400002AFF860084611461A4603467B810B469E
:106E50003B811346FB8000233B62FEF725FA7862F4
:106E6000FB6893F83D30DBB2202B40F050827B6A08
:106E70000093192301228249F86800F053FC03466D
:106E8000002B01D0022343E2FB6893F83C30012B36
:106E900001D102233CE2FB68012283F83C20FB681D
:106EA0001B681B6803F00103012B07D0FB681B68FC
:106EB0001A68FB681B6842F001021A60FB681B68D5
:106EC0001A68FB681B6822F400621A60FB682222C1
:106ED00083F83D20FB68402283F83E20FB680022B7
:106EE0001A64FB683A6B5A62FB68BA8E5A85FB6873
:106EF0005B8D9AB2FB681A85FB68624ADA62F88891
:106F00003A8979897B6A0193BB6B00930346F868E1
:106F100000F020FB0346002B01D00123F8E1FB68C1
:106F20001B8D002B13D10023FB61FB681B685B6981
:106F3000FB61FB681B689B69FB61FB69FB681B6865
:106F40001A68FB681B6842F400721A60CCE1FB68A7
:106F50001B8D012B1ED1FB681B681A68FB681B6820
:106F600022F480621A6072B600BF0023BB61FB6826
:106F70001B685B69BB61FB681B689B69BB61BB6984
:106F8000FB681B681A68FB681B6842F400721A6091
:106F900062B635E0FB681B8D022B1ED1FB681B68B7
:106FA0001A68FB681B6842F400621A6072B600BF80
:106FB00000237B61FB681B685B697B61FB681B6866
:106FC0009B697B617B69FB681B681A68FB681B68AF
:106FD00022F480621A6062B612E0FB681B681A68CD
:106FE000FB681B6842F480621A6000233B61FB6807
:106FF0001B685B693B61FB681B689B693B613B6984
:1070000072E1FB681B8D032B00F21F81FB681B8D57
:10701000012B23D17A6AB96BF86800F02DFD034685
:10702000002B01D0012373E1FB681B681A69FB6820
:107030005B6AD2B21A70FB685B6A5A1CFB685A62C0
:10704000FB681B8D013B9AB2FB681A85FB685B8D60
:107050009BB2013B9AB2FB685A8545E1FB681B8DE8
:10706000022B52D17B6A0093BB6B00220649F86861
:1070700000F058FB0346002B08D0012348E100BF75
:10708000020010000000FFFF0400010072B600BF04
:10709000FB681B681A68FB681B6842F400721A6080
:1070A000FB681B681A69FB685B6AD2B21A70FB68DE
:1070B0005B6A5A1CFB685A62FB681B8D013B9AB2E3
:1070C000FB681A85FB685B8D9BB2013B9AB2FB683B
:1070D0005A8562B600BFFB681B681A69FB685B6A69
:1070E000D2B21A70FB685B6A5A1CFB685A62FB6872
:1070F0001B8D013B9AB2FB681A85FB685B8D9BB2C6
:10710000013B9AB2FB685A85EEE07B6A0093BB6B49
:1071100000228149F86800F005FB0346002B01D0EE
:107120000123F5E0FB681B681A68FB681B6822F402
:1071300080621A6072B600BFFB681B681A69FB6840
:107140005B6AD2B21A70FB685B6A5A1CFB685A62AF
:10715000FB681B8D013B9AB2FB681A85FB685B8D4F
:107160009BB2013B9AB2FB685A856C4B1B68DB08EB
:107170006B4AA2FB03231A0A13469B001344DA004E
:10718000D31A3B623B6A013B3B623B6A002B18D13E
:10719000FB6800221A63FB68202283F83D20FB680D
:1071A000002283F83E20FB681B6C43F02002FB6842
:1071B0001A6462B600BFFB68002283F83C200123FA
:1071C000A6E0FB681B685B6903F00403042BD9D1BC
:1071D000FB681B681A68FB681B6842F400721A603F
:1071E000FB681B681A69FB685B6AD2B21A70FB689D
:1071F0005B6A5A1CFB685A62FB681B8D013B9AB2A2
:10720000FB681A85FB685B8D9BB2013B9AB2FB68F9
:107210005A8562B600BFFB681B681A69FB685B6A27
:10722000D2B21A70FB685B6A5A1CFB685A62FB6830
:107230001B8D013B9AB2FB681A85FB685B8D9BB284
:10724000013B9AB2FB685A854EE07A6AB96BF868DE
:1072500000F012FC0346002B01D0012358E0FB682C
:107260001B681A69FB685B6AD2B21A70FB685B6ABA
:107270005A1CFB685A62FB681B8D013B9AB2FB6883
:107280001A85FB685B8D9BB2013B9AB2FB685A85FD
:10729000FB681B685B6903F00403042B24D1FB68C3
:1072A0001B8D032B07D1FB681B681A68FB681B68E2
:1072B00022F480621A60FB681B681A69FB685B6ACB
:1072C000D2B21A70FB685B6A5A1CFB685A62FB6890
:1072D0001B8D013B9AB2FB681A85FB685B8D9BB2E4
:1072E000013B9AB2FB685A85FB681B8D002B7FF42B
:1072F00088AEFB68202283F83D20FB68002283F8DB
:107300003E20FB68002283F83C20002300E002239B
:1073100018462837BD4680BD04000100C00000208B
:1073200089B5F81480B588B002AFF8607A603B6028
:107330000B467B81FB68DB6A7B617B69082B06D08F
:107340007B69012B03D07B6913F5803F08D1FB6873
:107350001B681A68FB681B6842F480721A600BE0B5
:10736000FB681B6B122B07D1FB681B681A68FB6854
:107370001B6842F480721A603B6800937B680022AD
:107380004FF00111F86800F0CDF90346002B0DD045
:10739000FB681B681B6803F48073B3F5807F03D11F
:1073A000FB684FF400721A64032335E0FB681B6925
:1073B000B3F5804F08D17B89DBB21A46FB681B68A6
:1073C00002F0FE021A611BE07B89DB11DBB203F0E5
:1073D0000603DBB263F00F03DAB2FB681B681A61C5
:1073E0003B687A680E49F86800F016FA0346002BED
:1073F00001D0012310E07B89DAB2FB681B681A61B7
:107400003B687A680749F86800F006FA0346002BE3
:1074100001D0012300E0002318461837BD4680BD87
:10742000080001000200010080B588B002AFF860DA
:10743000084611461A4603467B810B463B8113469C
:10744000FB80FB681B681A68FB681B6842F480724B
:107450001A607B6A00933B6A00224FF00111F868C2
:1074600000F060F90346002B0DD0FB681B681B6819
:1074700003F48073B3F5807F03D1FB684FF400728F
:107480001A6403235FE07B89DBB21A46FB681B6842
:1074900002F0FE021A617B6A3A6A2D49F86800F030
:1074A000BBF90346002B01D001234CE000237B6194
:1074B000FB681B685B697B61FB681B689B697B6180
:1074C0007B697A6A396AF86800F046FA0346002B4D
:1074D0000DD0FB681B6C042B07D1FB681B681A6876
:1074E000FB681B6842F400721A6001232BE0FB88E2
:1074F000012B05D13B89DAB2FB681B681A6121E0D8
:107500003B891B0A9BB2DAB2FB681B681A617A6A74
:10751000396AF86800F020FA0346002B0DD0FB68AA
:107520001B6C042B07D1FB681B681A68FB681B687F
:1075300042F400721A60012305E03B89DAB2FB686D
:107540001B681A61002318461837BD4680BD00BF6E
:107550000200010080B588B002AFF860084611460D
:107560001A4603467B810B463B811346FB80FB6832
:107570001B681A68FB681B6842F480621A60FB682B
:107580001B681A68FB681B6842F480721A607B6A89
:1075900000933B6A00224FF00111F86800F0C2F836
:1075A0000346002B0DD0FB681B681B6803F4807337
:1075B000B3F5807F03D1FB684FF400721A64032394
:1075C000AAE07B89DBB21A46FB681B6802F0FE0268
:1075D0001A617B6A3A6A5249F86800F01DF903465D
:1075E000002B01D0012397E000237B61FB681B681F
:1075F0005B697B61FB681B689B697B617B697A6A5D
:10760000396AF86800F0A8F90346002B0DD0FB6832
:107610001B6C042B07D1FB681B681A68FB681B688E
:1076200042F400721A60012376E0FB88012B05D139
:107630003B89DAB2FB681B681A6121E03B891B0AAF
:107640009BB2DAB2FB681B681A617A6A396AF86819
:1076500000F082F90346002B0DD0FB681B6C042B55
:1076600007D1FB681B681A68FB681B6842F400724C
:107670001A60012350E03B89DAB2FB681B681A618B
:107680007A6A396AF86800F067F90346002B0DD072
:10769000FB681B6C042B07D1FB681B681A68FB682E
:1076A0001B6842F400721A60012335E0FB681B6816
:1076B0001A68FB681B6842F480721A607B6A009348
:1076C0003B6A00224FF00111F86800F02BF80346E6
:1076D000002B0DD0FB681B681B6803F48073B3F5A7
:1076E000807F03D1FB684FF400721A64032313E018
:1076F0007B89DBB243F00103DAB2FB681B681A61D5
:107700007B6A3A6A0649F86800F086F80346002B5F
:1077100001D0012300E0002318461837BD4680BD84
:107720000200010080B584B000AFF860B9603B6032
:107730001346FB7148E03B68B3F1FF3F44D0FDF7CF
:10774000B3FD0246BB69D31A3A689A4202D33B683A
:10775000002B39D1BB681B0CDBB2012B0DD1FB68B0
:107760001B685B69DA43BB6813409BB2002B0CBFFC
:1077700001230023DBB21A460CE0FB681B689B69FF
:10778000DA43BB6813409BB2002B0CBF01230023DC
:10779000DBB21A46FB799A4216D1FB6800221A63C3
:1077A000FB68202283F83D20FB68002283F83E20FE
:1077B000FB681B6C43F02002FB681A64FB68002224
:1077C00083F83C20012323E0BB681B0CDBB2012BB8
:1077D0000DD1FB681B685B69DA43BB6813409BB241
:1077E000002B0CBF01230023DBB21A460CE0FB6820
:1077F0001B689B69DA43BB6813409BB2002B0CBF2C
:1078000001230023DBB21A46FB799A4293D000236E
:1078100018461037BD4680BD80B584B000AFF86013
:10782000B9607A603B6071E0FB681B685B6903F4D8
:107830008063B3F5806F23D1FB681B681A68FB680F
:107840001B6842F400721A60FB681B686FF4806268
:107850005A61FB6800221A63FB68202283F83D20EE
:10786000FB68002283F83E20FB681B6C43F0040297
:10787000FB681A64FB68002283F83C20012367E060
:107880007B68B3F1FF3F41D0FDF70EFD02463B6838
:10789000D31A7A689A4202D37B68002B36D1BB6830
:1078A0001B0CDBB2012B0CD1FB681B685B69DA4354
:1078B000BB6813409BB2002B14BF01230023DBB233
:1078C0000BE0FB681B689B69DA43BB6813409BB203
:1078D000002B14BF01230023DBB2002B16D0FB6862
:1078E00000221A63FB68202283F83D20FB680022F7
:1078F00083F83E20FB681B6C43F02002FB681A648F
:10790000FB68002283F83C20012321E0BB681B0CAC
:10791000DBB2012B0CD1FB681B685B69DA43BB68E7
:1079200013409BB2002B14BF01230023DBB20BE0FA
:10793000FB681B689B69DA43BB6813409BB2002B52
:1079400014BF01230023DBB2002B7FF46DAF0023B3
:1079500018461037BD4680BD80B584B000AFF860D2
:10796000B9607A6034E0F86800F0E3F80346002B71
:1079700001D0012334E0BB68B3F1FF3F28D0FDF70D
:1079800093FC02467B68D31ABA689A4202D3BB685A
:10799000002B1DD1FB681B685B6903F08003802B03
:1079A00016D0FB6800221A63FB68202283F83D2072
:1079B000FB68002283F83E20FB681B6C43F020022A
:1079C000FB681A64FB68002283F83C20012307E06F
:1079D000FB681B685B6903F08003802BC3D1002325
:1079E00018461037BD4680BD80B584B000AFF86042
:1079F000B9607A6034E0F86800F09BF80346002B29
:107A000001D0012334E0BB68B3F1FF3F28D0FDF77C
:107A10004BFC02467B68D31ABA689A4202D3BB6811
:107A2000002B1DD1FB681B685B6903F00403042B6A
:107A300016D0FB6800221A63FB68202283F83D20E1
:107A4000FB68002283F83E20FB681B6C43F0200299
:107A5000FB681A64FB68002283F83C20012307E0DE
:107A6000FB681B685B6903F00403042BC3D100238C
:107A700018461037BD4680BD80B584B000AFF860B1
:107A8000B9607A6049E0FB681B685B6903F010032A
:107A9000102B19D1FB681B686FF010025A61FB684C
:107AA00000221A63FB68202283F83D20FB68002235
:107AB00083F83E20FB681A6CFB681A64FB6800229E
:107AC00083F83C20012330E0FDF7EEFB02467B68A3
:107AD000D31ABA689A4202D3BB68002B1DD1FB6847
:107AE0001B685B6903F04003402B16D0FB68002243
:107AF0001A63FB68202283F83D20FB68002283F88C
:107B00003E20FB681B6C43F02002FB681A64FB6894
:107B1000002283F83C20012307E0FB681B685B69B7
:107B200003F04003402BAED1002318461037BD466A
:107B300080BD80B483B000AF78607B681B685B69F0
:107B400003F48063B3F5806F1BD17B681B686FF40F
:107B500080625A617B6800221A637B68202283F866
:107B60003D207B68002283F83E207B681B6C43F03D
:107B700004027B681A647B68002283F83C2001239E
:107B800000E0002318460C37BD4680BC704700005B
:107B900080B586B000AF78607B68002B01D10123EF
:107BA00072E27B681B6803F00103002B00F0878002
:107BB000924B5B6803F00C03042B0CD08F4B5B687B
:107BC00003F00C03082B12D18C4B5B6803F4803359
:107BD000B3F5803F0BD1894B1B6803F40033002BB6
:107BE0006CD07B685B68002B68D101234CE27B681A
:107BF0005B68B3F5803F06D1804B1B687F4A43F436
:107C0000803313602EE07B685B68002B0CD17B4BCC
:107C10001B687A4A23F480331360784B1B68774AD9
:107C200023F4802313601DE07B685B68B3F5A02F0D
:107C30000CD1724B1B68714A43F4802313606F4B65
:107C40001B686E4A43F4803313600BE06B4B1B6878
:107C50006A4A23F480331360684B1B68674A23F435
:107C6000802313607B685B68002B13D0FDF71CFB3F
:107C7000386108E0FDF718FB02463B69D31A642B14
:107C800001D9032300E25D4B1B6803F40033002B92
:107C9000F0D014E0FDF708FB386108E0FDF704FBC5
:107CA00002463B69D31A642B01D90323ECE1534B01
:107CB0001B6803F40033002BF0D100E000BF7B68A9
:107CC0001B6803F00203002B63D04C4B5B6803F08E
:107CD0000C03002B0BD0494B5B6803F00C03082B03
:107CE0001CD1464B5B6803F48033002B16D1434B09
:107CF0001B6803F00203002B05D07B681B69012B76
:107D000001D00123C0E13D4B1B6823F0F8027B68E2
:107D10005B69DB00394913430B603AE07B681B6900
:107D2000002B20D0364B01221A60FDF7BDFA3861D6
:107D300008E0FDF7B9FA02463B69D31A022B01D9D4
:107D40000323A1E12D4B1B6803F00203002BF0D0AD
:107D50002A4B1B6823F0F8027B685B69DB0027492C
:107D600013430B6015E0264B00221A60FDF79CFAC6
:107D7000386108E0FDF798FA02463B69D31A022BF6
:107D800001D9032380E11D4B1B6803F00203002B84
:107D9000F0D17B681B6803F00803002B3AD07B68A6
:107DA0009B69002B19D0174B01221A60FDF77CFA52
:107DB000386108E0FDF778FA02463B69D31A022BD6
:107DC00001D9032360E10D4B5B6A03F00203002B32
:107DD000F0D0012000F0CEFA1CE00A4B00221A601D
:107DE000FDF762FA38610FE0FDF75EFA02463B6983
:107DF000D31A022B08D9032346E100BF001002402A
:107E00000000424280044242924B5B6A03F002034C
:107E1000002BE9D17B681B6803F00403002B00F002
:107E2000A6800023FB758B4BDB6903F08053002B8E
:107E30000DD1884BDB69874A43F08053D361854B72
:107E4000DB6903F08053BB60BB680123FB75824B89
:107E50001B6803F48073002B18D17F4B1B687E4A8C
:107E600043F480731360FDF71FFA386108E0FDF7F3
:107E70001BFA02463B69D31A642B01D9032303E1A1
:107E8000754B1B6803F48073002BF0D07B68DB68B4
:107E9000012B06D16F4B1B6A6E4A43F0010313623C
:107EA0002DE07B68DB68002B0CD16A4B1B6A694AAA
:107EB00023F001031362674B1B6A664A23F0040335
:107EC00013621CE07B68DB68052B0CD1614B1B6ADD
:107ED000604A43F0040313625E4B1B6A5D4A43F041
:107EE000010313620BE05B4B1B6A5A4A23F0010348
:107EF0001362584B1B6A574A23F0040313627B68D2
:107F0000DB68002B15D0FDF7CFF938610AE0FDF7EB
:107F1000CBF902463B69D31A41F28832934201D928
:107F20000323B1E04B4B1B6A03F00203002BEED09E
:107F300014E0FDF7B9F938610AE0FDF7B5F902463A
:107F40003B69D31A41F28832934201D903239BE063
:107F5000404B1B6A03F00203002BEED1FB7D012B8B
:107F600005D13C4BDB693B4A23F08053D3617B68EE
:107F7000DB69002B00F08780364B5B6803F00C0355
:107F8000082B61D07B68DB69022B46D1334B002282
:107F90001A60FDF789F9386108E0FDF785F90246B6
:107FA0003B69D31A022B01D903236DE0294B1B68CF
:107FB00003F00073002BF0D17B681B6AB3F5803FA0
:107FC00008D1244B5B6823F400327B689B6821490D
:107FD00013434B601F4B5B6823F474127B68196A70
:107FE0007B685B6A0B431B4913434B601B4B0122AD
:107FF0001A60FDF759F9386108E0FDF755F90246B6
:108000003B69D31A022B01D903233DE0114B1B68B6
:1080100003F00073002BF0D035E0104B00221A6003
:10802000FDF742F9386108E0FDF73EF902463B6989
:10803000D31A022B01D9032326E0064B1B6803F059
:108040000073002BF0D11EE07B68DB69012B07D1A8
:10805000012319E00010024000700040600042421D
:108060000B4B5B68FB60FB6803F480327B681B6A28
:108070009A4206D1FB6803F470127B685B6A9A42ED
:1080800001D0012300E0002318461837BD4680BD0B
:108090000010024080B584B000AF786039607B6822
:1080A000002B01D10123D0E06A4B1B6803F00703CA
:1080B0003A689A4210D9674B1B6823F0070265495A
:1080C0003B6813430B60634B1B6803F007033A687C
:1080D0009A4201D00123B8E07B681B6803F00203D9
:1080E000002B20D07B681B6803F00403002B05D015
:1080F000594B5B68584A43F4E06353607B681B68E4
:1081000003F00803002B05D0534B5B68524A43F43D
:1081100060535360504B5B6823F0F0027B689B68B0
:108120004D4913434B607B681B6803F00103002B30
:1081300040D07B685B68012B07D1474B1B6803F479
:108140000033002B15D101237FE07B685B68022B95
:1081500007D1414B1B6803F00073002B09D10123A9
:1081600073E03D4B1B6803F00203002B01D1012398
:108170006BE0394B5B6823F003027B685B68364930
:1081800013434B60FDF790F8F8600AE0FDF78CF8B8
:108190000246FB68D31A41F28832934201D9032385
:1081A00053E02D4B5B6803F00C027B685B689B001F
:1081B0009A42EBD1274B1B6803F007033A689A42B7
:1081C00010D2244B1B6823F0070222493B6813435B
:1081D0000B60204B1B6803F007033A689A4201D0FA
:1081E000012332E07B681B6803F00403002B08D0F6
:1081F000194B5B6823F4E0627B68DB681649134324
:108200004B607B681B6803F00803002B09D0124BFE
:108210005B6823F460527B681B69DB000E491343E3
:108220004B6000F021F802460B4B5B681B0903F022
:108230000F030A49CB5C22FA03F3094A1360094B86
:108240001B681846FCF7EEFF002318461037BD46A2
:1082500080BD00BF00200240001002401CF000085A
:10826000C0000020C400002080B487B000AF00230D
:10827000FB600023BB6000237B6100237B60002345
:108280003B611E4B5B68FB60FB6803F00C03042B37
:1082900002D0082B03D027E0194B3B6127E0FB6895
:1082A0009B0C03F00F03174AD35C7B60FB6803F45D
:1082B0008033002B10D0114B5B685B0C03F0010383
:1082C000114AD35CBB607B680D4A03FB02F2BB68BA
:1082D000B2FBF3F37B6104E07B680C4A02FB03F31F
:1082E0007B617B693B6102E0054B3B6100BF3B6901
:1082F00018461C37BD4680BC704700BF00100240C6
:1083000000127A0034F0000844F0000800093D0033
:1083100080B400AF024B1B681846BD4680BC704756
:10832000C000002080B500AFFFF7F2FF0246054B0A
:108330005B681B0A03F007030349CB5C22FA03F3D3
:10834000184680BD001002402CF0000880B500AF38
:10835000FFF7DEFF0246054B5B68DB0A03F007030D
:108360000349CB5C22FA03F3184680BD001002409B
:108370002CF0000880B485B000AF78600A4B1B6811
:108380000A4AA2FB03235B0A7A6802FB03F3FB6041
:1083900000BFFB685A1EFA60002BF9D100BF00BF76
:1083A0001437BD4680BC7047C0000020D34D62101A
:1083B00080B586B000AF786000233B610023FB608E
:1083C0007B681B6803F00103002B7DD00023FB7545
:1083D0004F4BDB6903F08053002B0DD14C4BDB6915
:1083E0004B4A43F08053D361494BDB6903F0805320
:1083F000BB60BB680123FB75464B1B6803F48073AD
:10840000002B18D1434B1B68424A43F4807313601E
:10841000FCF74AFF386108E0FCF746FF02463B697B
:10842000D31A642B01D903236DE03A4B1B6803F484
:108430008073002BF0D0364B1B6A03F44073FB6053
:10844000FB68002B2ED07B685B6803F44073FA68EE
:108450009A4227D02E4B1B6A23F44073FB602E4BAD
:1084600001221A602C4B00221A60294AFB68136211
:10847000FB6803F00103002B14D0FCF715FF3861F3
:108480000AE0FCF711FF02463B69D31A41F2883239
:10849000934201D9032336E01D4B1B6A03F002030C
:1084A000002BEED01A4B1B6A23F440727B685B688A
:1084B000174913430B62FB7D012B05D1144BDB697C
:1084C000134A23F08053D3617B681B6803F00203D7
:1084D000002B08D00E4B5B6823F440427B689B68FE
:1084E0000B4913434B607B681B6803F01003002BA0
:1084F00008D0074B5B6823F480027B68DB68044983
:1085000013434B60002318461837BD4680BD00BF9B
:1085100000100240007000404004424280B588B024
:1085200000AF786000237B610023FB6100233B6187
:108530000023FB600023BB617B68102B0AD07B68A3
:10854000102B00F28A807B68012B45D07B68022BC0
:1085500075D082E0464B5B68FB60454B1B6803F0BF
:108560008073002B7BD0FB689B0C03F00F03414A08
:10857000D35C3B61FB6803F48033002B15D03C4B8C
:108580005B685B0C03F001033B4AD35C7B61FB68D7
:1085900003F48033002B0DD0384A7B69B2FBF3F231
:1085A0003B6902FB03F3FB6104E03B69344A02FBD5
:1085B00003F3FB612E4B5B6803F48003B3F5800F7C
:1085C00002D1FB69BB614AE0FB695B002D4AA2FB5B
:1085D00003235B08BB6142E0254B1B6AFB60FB6821
:1085E00003F44073B3F5807F08D1FB6803F0020306
:1085F000002B03D04FF40043BB611FE0FB6803F482
:108600004073B3F5007F09D1194B5B6A03F0020395
:10861000002B03D049F64043BB610FE0FB6803F435
:108620004073B3F5407F1CD1114B1B6803F400333A
:10863000002B16D04FF22443BB6112E011E0FFF78C
:1086400085FE02460A4B5B689B0B03F00303013374
:108650005B00B2FBF3F3BB6104E000BF02E000BFCC
:1086600000E000BFBB6918462037BD4680BD00BF93
:108670000010024048F0000858F0000800127A008C
:1086800000093D00ABAAAAAA80B582B000AF78600D
:108690007B68002B01D1012341E07B6893F83D30DA
:1086A000DBB2002B06D17B68002283F83C2078687F
:1086B000FCF7E6FA7B68022283F83D207B681A68A3
:1086C0007B6804331946104600F06AFC7B6801227F
:1086D00083F846207B68012283F83E207B680122D4
:1086E00083F83F207B68012283F840207B680122C9
:1086F00083F841207B68012283F842207B680122B5
:1087000083F843207B68012283F844207B680122A0
:1087100083F845207B68012283F83D20002318461A
:108720000837BD4680BD000080B485B000AF7860DA
:108730007B6893F83D30DBB2012B01D0012332E09E
:108740007B68022283F83D207B681B68184A9342AD
:108750000ED07B681B68B3F1804F09D07B681B6823
:10876000144A934204D07B681B68134A934211D188
:108770007B681B689B6803F00703FB60FB68062BA4
:1087800010D07B681B681A687B681B6842F0010286
:108790001A6007E07B681B681A687B681B6842F0F8
:1087A00001021A60002318461437BD4680BC70478A
:1087B000002C0140000400400008004080B485B057
:1087C00000AF78607B6893F83D30DBB2012B01D0BD
:1087D00001233AE07B68022283F83D207B681B6816
:1087E000DA687B681B6842F00102DA607B681B680C
:1087F000184A93420ED07B681B68B3F1804F09D0B2
:108800007B681B68144A934204D07B681B68134A38
:10881000934211D17B681B689B6803F00703FB60E0
:10882000FB68062B10D07B681B681A687B681B6886
:1088300042F001021A6007E07B681B681A687B68D7
:108840001B6842F001021A60002318461437BD4627
:1088500080BC7047002C014000040040000800402C
:1088600080B582B000AF78607B68002B01D1012316
:1088700041E07B6893F83D30DBB2002B06D17B688A
:10888000002283F83C20786800F039F87B680222E7
:1088900083F83D207B681A687B68043319461046CC
:1088A00000F07EFB7B68012283F846207B68012272
:1088B00083F83E207B68012283F83F207B680122F9
:1088C00083F840207B68012283F841207B680122E5
:1088D00083F842207B68012283F843207B680122D1
:1088E00083F844207B68012283F845207B680122BD
:1088F00083F83D20002318460837BD4680BD80B46C
:1089000083B000AF786000BF0C37BD4680BC7047B5
:1089100080B584B000AF786039603B68002B09D126
:108920007B6893F83E30DBB2012B14BF0123002398
:10893000DBB222E03B68042B09D17B6893F83F301F
:10894000DBB2012B14BF01230023DBB215E03B682F
:10895000082B09D17B6893F84030DBB2012B14BFA0
:1089600001230023DBB208E07B6893F84130DBB2DF
:10897000012B14BF01230023DBB2002B01D0012304
:108980005EE03B68002B04D17B68022283F83E2026
:1089900013E03B68042B04D17B68022283F83F205C
:1089A0000BE03B68082B04D17B68022283F840204F
:1089B00003E07B68022283F841207B681B68012268
:1089C0003968184600F078FD7B681B681E4A9342A0
:1089D00007D17B681B685A6C7B681B6842F40042B5
:1089E0005A647B681B68184A93420ED07B681B68E8
:1089F000B3F1804F09D07B681B68144A934204D0BE
:108A00007B681B68124A934211D17B681B689B6884
:108A100003F00703FB60FB68062B10D07B681B6824
:108A20001A687B681B6842F001021A6007E07B68E5
:108A30001B681A687B681B6842F001021A600023F9
:108A400018461037BD4680BD002C01400004004090
:108A50000008004080B584B000AF78607B681B6878
:108A6000DB68FB607B681B681B69BB60BB6803F04D
:108A70000203002B20D0FB6803F00203002B1BD065
:108A80007B681B686FF002021A617B6801221A770B
:108A90007B681B689B6903F00303002B03D0786895
:108AA00000F063FA05E0786800F056FA786800F0A4
:108AB00065FA7B6800221A77BB6803F00403002B79
:108AC00020D0FB6803F00403002B1BD07B681B68DD
:108AD0006FF004021A617B6802221A777B681B68B8
:108AE0009B6903F44073002B03D0786800F03DFAD3
:108AF00005E0786800F030FA786800F03FFA7B68AB
:108B000000221A77BB6803F00803002B20D0FB6813
:108B100003F00803002B1BD07B681B686FF0080272
:108B20001A617B6804221A777B681B68DB6903F093
:108B30000303002B03D0786800F017FA05E078688B
:108B400000F00AFA786800F019FA7B6800221A77B8
:108B5000BB6803F01003002B20D0FB6803F0100368
:108B6000002B1BD07B681B686FF010021A617B68BA
:108B700008221A777B681B68DB6903F44073002BBB
:108B800003D0786800F0F1F905E0786800F0E4F9C6
:108B9000786800F0F3F97B6800221A77BB6803F06D
:108BA0000103002B0CD0FB6803F00103002B07D05E
:108BB0007B681B686FF001021A61786800F0C3F9E6
:108BC000BB6803F08003002B0CD0FB6803F080032C
:108BD000002B07D07B681B686FF080021A617868F1
:108BE00000F046FDBB6803F04003002B0CD0FB688F
:108BF00003F04003002B07D07B681B686FF0400236
:108C00001A61786800F0C3F9BB6803F02003002BF9
:108C10000CD0FB6803F02003002B07D07B681B6897
:108C20006FF020021A61786800F019FD00BF10375C
:108C3000BD4680BD80B586B000AFF860B9607A608F
:108C40000023FB75FB6893F83C30012B01D1022314
:108C5000AEE0FB68012283F83C207B680C2B00F21D
:108C60009F8001A252F823F09D8C0008A18D00087E
:108C7000A18D0008A18D0008DD8C0008A18D0008E1
:108C8000A18D0008A18D00081F8D0008A18D00088E
:108C9000A18D0008A18D00085F8D0008FB681B688E
:108CA000B968184600F0EAF9FB681B689A69FB6826
:108CB0001B6842F008029A61FB681B689A69FB68AE
:108CC0001B6822F004029A61FB681B689969BB6803
:108CD0001A69FB681B680A439A6164E0FB681B68B9
:108CE000B968184600F030FAFB681B689A69FB689F
:108CF0001B6842F400629A61FB681B689A69FB6812
:108D00001B6822F480629A61FB681B689969BB68E2
:108D10001B691A02FB681B680A439A6143E0FB68FF
:108D20001B68B968184600F079FAFB681B68DA69B5
:108D3000FB681B6842F00802DA61FB681B68DA69AD
:108D4000FB681B6822F00402DA61FB681B68D969C2
:108D5000BB681A69FB681B680A43DA6123E0FB6899
:108D60001B68B968184600F0C3FAFB681B68DA692B
:108D7000FB681B6842F40062DA61FB681B68DA6911
:108D8000FB681B6822F48062DA61FB681B68D969A2
:108D9000BB681B691A02FB681B680A43DA6102E0C0
:108DA0000123FB7500BFFB68002283F83C20FB7D9C
:108DB00018461837BD4680BD80B584B000AF7860D6
:108DC00039600023FB737B6893F83C30012B01D1A1
:108DD0000223B4E07B68012283F83C207B680222F6
:108DE00083F83D207B681B689B68BB60BB6823F0F1
:108DF0007703BB60BB6823F47F43BB607B681B6861
:108E0000BA689A603B681B68B3F5005F3ED0B3F563
:108E1000005F00F28780B3F5805F00F08680B3F5D5
:108E2000805F7FD8702B1AD0702B7BD8602B50D0EE
:108E3000602B77D8502B3CD0502B73D8402B58D078
:108E4000402B6FD8302B64D0302B6BD8202B60D0C8
:108E5000202B67D8002B5CD0102B5AD062E07B68A7
:108E600018683B6899683B685A683B68DB6800F0A3
:108E700004FB7B681B689B68BB60BB6843F077039F
:108E8000BB607B681B68BA689A604FE07B681868B3
:108E90003B6899683B685A683B68DB6800F0EDFA0C
:108EA0007B681B689A687B681B6842F480429A6002
:108EB0003CE07B6818683B6859683B68DB681A4689
:108EC00000F064FA7B681B685021184600F0BBFA7A
:108ED0002CE07B6818683B6859683B68DB681A4679
:108EE00000F082FA7B681B686021184600F0ABFA3C
:108EF0001CE07B6818683B6859683B68DB681A4669
:108F000000F044FA7B681B684021184600F09BFA89
:108F10000CE07B681A683B681B681946104600F035
:108F200092FA03E00123FB7300E000BF7B6801229B
:108F300083F83D207B68002283F83C20FB7B1846A9
:108F40001037BD4680BD80B483B000AF786000BFED
:108F50000C37BD4680BC704780B483B000AF7860EA
:108F600000BF0C37BD4680BC704780B483B000AFF3
:108F7000786000BF0C37BD4680BC704780B483B0BA
:108F800000AF786000BF0C37BD4680BC704780B42E
:108F900083B000AF786000BF0C37BD4680BC70471F
:108FA00080B485B000AF786039607B681B68FB6077
:108FB0007B682F4A93420BD07B68B3F1804F07D078
:108FC0007B682C4A934203D07B682B4A934208D19A
:108FD000FB6823F07003FB603B685B68FA6813432F
:108FE000FB607B68224A93420BD07B68B3F1804FD1
:108FF00007D07B681F4A934203D07B681E4A934286
:1090000008D1FB6823F44073FB603B68DB68FA68B7
:109010001343FB60FB6823F080023B685B691343EA
:10902000FB607B68FA681A603B689A687B68DA6262
:109030003B681A687B689A627B680D4A934203D149
:109040003B681A697B681A637B6801225A617B68F6
:109050001B6903F00103002B05D07B681B6923F01B
:1090600001027B681A6100BF1437BD4680BC70479F
:10907000002C0140000400400008004080B487B08C
:1090800000AF786039607B681B6A7B617B681B6A14
:1090900023F001027B681A627B685B683B617B6836
:1090A0009B69FB60FB6823F07003FB60FB6823F0A7
:1090B0000303FB603B681B68FA681343FB607B6932
:1090C00023F002037B613B689B687A6913437B61F1
:1090D0007B681C4A93420CD17B6923F008037B61B7
:1090E0003B68DB687A6913437B617B6923F0040387
:1090F0007B617B68134A934211D13B6923F48073EF
:109100003B613B6923F400733B613B685B693A69EF
:1091100013433B613B689B693A6913433B617B683E
:109120003A695A607B68FA689A613B685A687B685A
:109130005A637B687A691A6200BF1C37BD4680BCDF
:10914000704700BF002C014080B487B000AF78604A
:1091500039607B681B6A7B617B681B6A23F01002A5
:109160007B681A627B685B683B617B689B69FB601C
:10917000FB6823F4E043FB60FB6823F44073FB606F
:109180003B681B681B02FA681343FB607B6923F092
:1091900020037B613B689B681B017A6913437B61F9
:1091A0007B681D4A93420DD17B6923F080037B616C
:1091B0003B68DB681B017A6913437B617B6923F0A1
:1091C00040037B617B68144A934213D13B6923F4CB
:1091D00080633B613B6923F400633B613B685B69EF
:1091E0009B003A6913433B613B689B699B003A696A
:1091F00013433B617B683A695A607B68FA689A61FD
:109200003B685A687B689A637B687A691A6200BF18
:109210001C37BD4680BC7047002C014080B487B02D
:1092200000AF786039607B681B6A7B617B681B6A72
:1092300023F480727B681A627B685B683B617B68A1
:10924000DB69FB60FB6823F07003FB60FB6823F0C5
:109250000303FB603B681B68FA681343FB607B6990
:1092600023F400737B613B689B681B027A6913439C
:109270007B617B681D4A93420DD17B6923F40063B7
:109280007B613B68DB681B027A6913437B617B6906
:1092900023F480637B617B68144A934213D13B695A
:1092A00023F480533B613B6923F400533B613B68EB
:1092B0005B691B013A6913433B613B689B691B0176
:1092C0003A6913433B617B683A695A607B68FA6884
:1092D000DA613B685A687B68DA637B687A691A628C
:1092E00000BF1C37BD4680BC704700BF002C01404A
:1092F00080B487B000AF786039607B681B6A3B61DF
:109300007B681B6A23F480527B681A627B685B6807
:109310007B617B68DB69FB60FB6823F4E043FB60F7
:10932000FB6823F44073FB603B681B681B02FA6810
:109330001343FB603B6923F400533B613B689B682C
:109340001B033A6913433B617B680F4A934209D17F
:109350007B6923F480437B613B685B699B017A698D
:1093600013437B617B687A695A607B68FA68DA61CB
:109370003B685A687B681A647B683A691A6200BF66
:109380001C37BD4680BC7047002C014080B487B0BC
:1093900000AFF860B9607A60FB681B6A7B61FB68AC
:1093A0001B6A23F00102FB681A62FB689B693B6140
:1093B0003B6923F0F0033B617B681B013A6913436F
:1093C0003B617B6923F00A037B617A69BB681343C5
:1093D0007B61FB683A699A61FB687A691A6200BF2F
:1093E0001C37BD4680BC704780B487B000AFF860C2
:1093F000B9607A60FB681B6A7B61FB681B6A23F0BB
:109400001002FB681A62FB689B693B613B6923F4AD
:1094100070433B617B681B033A6913433B617B6983
:1094200023F0A0037B61BB681B017A6913437B6156
:10943000FB683A699A61FB687A691A6200BF1C3757
:10944000BD4680BC704780B485B000AF786039609D
:109450007B689B68FB60FB6823F07003FB603A68E5
:10946000FB68134343F00703FB607B68FA689A606C
:1094700000BF1437BD4680BC704780B487B000AFD2
:10948000F860B9607A603B60FB689B687B617B69D0
:1094900023F47F437B613B681A027B681A43BB68F5
:1094A00013437A6913437B61FB687A699A6000BF52
:1094B0001C37BD4680BC704780B487B000AFF860F1
:1094C000B9607A60BB6803F01F03012202FA03F35C
:1094D0007B61FB681A6A7B69DB431A40FB681A628E
:1094E000FB681A6ABB6803F01F03796801FA03F38B
:1094F0001A43FB681A6200BF1C37BD4680BC704728
:1095000080B485B000AF786039607B6893F83C30F8
:10951000012B01D1022346E07B68012283F83C2025
:109520007B68022283F83D207B681B685B68FB60D8
:109530007B681B689B68BB60FB6823F07003FB6063
:109540003B681B68FA681343FB607B681B68FA681A
:109550005A607B681B68164A93420ED07B681B6872
:10956000B3F1804F09D07B681B68124A934204D044
:109570007B681B68104A93420CD1BB6823F08003C0
:10958000BB603B685B68BA681343BB607B681B6861
:10959000BA689A607B68012283F83D207B680022CC
:1095A00083F83C20002318461437BD4680BC704722
:1095B000002C0140000400400008004080B485B049
:1095C00000AF786039600023FB607B6893F83C3023
:1095D000012B01D102233DE07B68012283F83C206E
:1095E000FB6823F0FF023B68DB681343FB60FB680A
:1095F00023F440723B689B681343FB60FB6823F4D1
:1096000080623B685B681343FB60FB6823F4006285
:109610003B681B681343FB60FB6823F480523B6884
:109620001B691343FB60FB6823F400523B685B69D2
:109630001343FB60FB6823F480423B68DB69134300
:10964000FB607B681B68FA685A647B68002283F8B9
:109650003C20002318461437BD4680BC704780B4B8
:1096600083B000AF786000BF0C37BD4680BC704748
:1096700080B483B000AF786000BF0C37BD4680BCBB
:10968000704780B582B000AF78607B68002B01D155
:10969000012342E07B6893F84130DBB2002B06D116
:1096A0007B68002283F840207868FBF7B9FB7B6871
:1096B000242283F841207B681B68DA687B681B687A
:1096C00022F40052DA60786800F074FB7B681B6853
:1096D0001A697B681B6822F490421A617B681B68D8
:1096E0005A697B681B6822F02A025A617B681B68F2
:1096F000DA687B681B6842F40052DA607B680022FB
:109700005A647B68202283F841207B68202283F8FA
:1097100042207B6800225A63002318460837BD4662
:1097200080BD80B58AB002AFF860B9603B60134677
:10973000FB8000237B61FB6893F84130DBB2202B78
:1097400075D1BB68002B02D0FB88002B01D101230F
:109750006EE0FB6800225A64FB68212283F84120F6
:10976000FBF7A2FD7861FB68FA889A84FB68FA88A7
:10977000DA84FB689B68B3F5805F08D1FB681B69DE
:10978000002B04D10023FB61BB68BB6103E0BB6815
:10979000FB610023BB612EE03B6800937B690022E4
:1097A0008021F86800F088F90346002B05D0FB689B
:1097B000202283F8412003233AE0FB69002B0BD1E0
:1097C000BB691B881A46FB681B68C2F308025A6013
:1097D000BB690233BB6107E0FB691A78FB681B6851
:1097E0005A60FB690133FB61FB68DB8C9BB2013B78
:1097F0009AB2FB68DA84FB68DB8C9BB2002BCBD17E
:109800003B6800937B6900224021F86800F054F91E
:109810000346002B05D0FB68202283F84120032358
:1098200006E0FB68202283F84120002300E00223A9
:1098300018462037BD4680BD80B584B000AFF860C3
:10984000B9601346FB80FB6893F84230DBB2202BF3
:1098500012D1BB68002B02D0FB88002B01D1012361
:109860000BE0FB6800221A63FB881A46B968F868A7
:1098700000F07CF9034600E0022318461037BD468D
:1098800080BD80B483B000AF786000BF0C37BD46A8
:1098900080BC704780B483B000AF786000BF0C37E5
:1098A000BD4680BC704780B483B000AF78600B4683
:1098B0007B8000BF0C37BD4680BC704780B59CB034
:1098C00000AF78607B685B6AFB667B681B681B681F
:1098D00003F02003002B72D1FB6E0022DA85FB6EB1
:1098E0001B680C33FB64FB6C53E8003FBB64BB6C30
:1098F00023F48073BB66FB6E1B680C33BA6EBA65CB
:109900007B65796DBA6D41E800233B653B6D002BAB
:10991000E5D1FB6E1B681433BB63BB6B53E8003FA0
:109920007B637B6B23F001037B66FB6E1B68143348
:109930007A6E7A643B64396C7A6C41E80023FB638D
:10994000FB6B002BE5D1FB6E1B6814337B627B6ADB
:1099500053E8003F3B623B6A23F040033B66FB6EEB
:109960001B6814333A6E3A63FB62F96A3A6B41E85A
:109970000023BB62BB6A002BE5D1FB6E202283F87B
:109980004220FB6E1B6B012B19D1FB6E1B680C3345
:109990003B613B6953E8003FFB60FB6823F0100329
:1099A000FB65FB6E1B680C33FA6DFA61BB61B9692C
:1099B000FA6941E800237B617B69002BE5D1FB6EEE
:1099C00000225A63FB6E1B6B012B06D1FB6E9B8D35
:1099D0001946F86EFFF767FF02E0F86EF7F7EEFB47
:1099E00000BF7037BD4680BD80B584B000AF7860E1
:1099F0007B685B6AFB60FB6801225A63FB681B6B38
:109A0000012B08D1FB689B8D5B089BB21946F86857
:109A1000FFF749FF02E0F868FFF733FF00BF103798
:109A2000BD4680BD80B584B000AF78600023FB6088
:109A30007B685B6ABB60BB681B685B6903F0800383
:109A4000002B14BF01230023DBB2FB60BB6893F83B
:109A50004130DBB2212B08D1FB68002B05D0BB685D
:109A60000022DA84B86800F01BF9BB681B685B69E8
:109A700003F04003002B14BF01230023DBB2FB6083
:109A8000BB6893F84230DBB2222B08D1FB68002B75
:109A900005D0BB680022DA85B86800F028F9BB68F9
:109AA0005B6C43F01002BB685A64B868FFF7F2FEC3
:109AB00000BF1037BD4680BD80B586B000AFF860EE
:109AC000B9603B601346FB713BE03B6AB3F1FF3F7B
:109AD00037D0FBF7E9FB02463B68D31A3A6A9A4251
:109AE00002D33B6A002B01D103233AE0FB681B68D9
:109AF000DB6803F00403002B23D0BB68802B20D04D
:109B0000BB68402B1DD0FB681B681B6803F0080373
:109B1000082B16D100237B61FB681B681B687B61E7
:109B2000FB681B685B687B617B69F86800F0DFF8A5
:109B3000FB6808225A64FB68002283F84020012356
:109B40000FE0FB681B681A68BB681340BA689A424A
:109B50000CBF01230023DBB21A46FB799A42B4D032
:109B6000002318461837BD4680BD000080B598B068
:109B700000AFF860B9601346FB80BA68FB689A6270
:109B8000FB68FA889A85FB6800225A64FB682222E7
:109B900083F84220FB68DB6B3E4A9A62FB68DB6B12
:109BA0003D4ADA62FB68DB6B3C4A1A63FB68DB6B9D
:109BB00000225A6307F10803FB65FB68D86BFB685A
:109BC0001B6804331946FB6D1A68FB88FCF782FAA0
:109BD00000233B61FB681B681B683B61FB681B68DB
:109BE0005B683B613B69FB681B69002B19D0FB6814
:109BF0001B680C333B643B6C53E8003FFB63FB6B1F
:109C000043F48073BB65FB681B680C33BA6DFA6460
:109C1000BB64B96CFA6C41E800237B647B6C002B5D
:109C2000E5D1FB681B681433FB62FB6A53E8003F15
:109C3000BB62BB6A43F001037B65FB681B6814339E
:109C40007A6DBA637B63796BBA6B41E800233B633F
:109C50003B6B002BE5D1FB681B681433BB61BB6910
:109C600053E8003F7B617B6943F040033B65FB6841
:109C70001B6814333A6D7A623B62396A7A6A41E84A
:109C80000023FB61FB69002BE5D1002318466037F8
:109C9000BD4680BDBD980008E9990008259A0008D6
:109CA00080B489B000AF78607B681B680C33FB60C0
:109CB000FB6853E8003FBB60BB6823F0C003FB6157
:109CC0007B681B680C33FA69BA617B617969BA6990
:109CD00041E800233B613B69002BE5D17B682022F2
:109CE00083F8412000BF2437BD4680BC704780B454
:109CF00095B000AF78607B681B680C337B637B6B2F
:109D000053E8003F3B633B6B23F49073FB647B6839
:109D10001B680C33FA6C3A64FB63F96B3A6C41E8EC
:109D20000023BB63BB6B002BE5D17B681B6814333E
:109D30003B623B6A53E8003FFB61FB6923F0010390
:109D4000BB647B681B681433BA6CFA62BB62B96A85
:109D5000FA6A41E800237B627B6A002BE5D17B68CD
:109D60001B6B012B19D17B681B680C33FB60FB68F4
:109D700053E8003FBB60BB6823F010037B647B6843
:109D80001B680C337A6CBA617B617969BA6941E806
:109D900000233B613B69002BE5D17B68202283F8DF
:109DA00042207B6800221A6300BF5437BD4680BC46
:109DB0007047000080B584B000AF78607B681B6896
:109DC0001B6923F440517B68DA687B681B680A438F
:109DD0001A617B689A687B681B691A437B685B69B8
:109DE0001343BB607B681B68DB6823F4B05323F02C
:109DF0000C037A681268B9680B43D3607B681B68F0
:109E00005B6923F440717B689A697B681B680A432D
:109E10005A617B681B682C4A934203D1FEF796FA7D
:109E2000F86002E0FEF77EFAF860FA6813469B00DD
:109E300013449A001A447B685B689B00B2FBF3F3FF
:109E4000224AA2FB03235B091901FA6813469B000F
:109E500013449A001A447B685B689B00B2FBF3F2E0
:109E60001A4BA3FB02035B09642000FB03F3D31A24
:109E70001B013233154AA2FB03235B0903F0F003F5
:109E80001944FA6813469B0013449A001A447B68ED
:109E90005B689B00B2FBF3F20C4BA3FB02035B0974
:109EA000642000FB03F3D31A1B013233074AA2FBE1
:109EB00003235B0903F00F027B681B680A449A6066
:109EC00000BF1037BD4680BD003801401F85EB51F3
:109ED000002B2DE9F0471D46BBBF03F100431D4693
:109EE00000232D2388B01446B8BF1446129A109E42
:109EF0001370149BDDF84CA023F02008B8F1460F36
:109F000005D0B8F1450F00D10136022300E003234C
:109F100007AA049206AACDE902A2CDE9003622469C
:109F20002B4601F0F1F8B8F1470F074619D1119B04
:109F3000DB070ED500EB0609002200232046294648
:109F4000F6F732FD08B1CDF81C903022079B4B4547
:109F50001ED33846079B159ADB1B136008B0BDE87B
:109F6000F087B8F1460F00EB0609E5D10378302BF6
:109F70000AD10022002320462946F6F715FD18B91C
:109F8000C6F10106CAF80060DAF800309944D3E758
:109F9000591C07911A70D9E7F7B50029B6BF2D23D0
:109FA0002B23494209290270437029DD0DF1070373
:109FB0001D460A27B1FBF7F61A4607FB1614303484
:109FC00002F8014C0C46632C314603F1FF33F1DCFF
:109FD0003031941E03F8011C2346411CAB420AD3C6
:109FE0000DF109039B1AAC4288BF002302330344DE
:109FF000181A03B0F0BD13F8016B01F8016FEDE71B
:10A00000302330318370C170031DF1E72DE9F04F2B
:10A0100091B00C46DDF8688016461F46054600F0F4
:10A0200051FF036818460893F6F792F800230E9341
:10A03000D8F800300990073323F0070303F1080232
:10A0400094F818A0D4F800B0C8F80020D3E900892B
:10A0500029F000430B93CDF828804FF0FF32DDE963
:10A060000A01C4E912899C4BF6F7D0FC70BBDDE90C
:10A070000A014FF0FF32984BF6F7AAFC30BB0022E2
:10A08000002340464946F6F799FC10B12D2384F889
:10A090004330924A924BBAF1470F94BF904698468C
:10A0A00003234FF0000923612BF0040323603346A0
:10A0B0002146284600970FAA00F0D4F9013040F05D
:10A0C00090804FF0FF3011B0BDE8F08F42464B4614
:10A0D00040464946F6F79AFC48B14B46002BB8BFBC
:10A0E0002D23804AB8BF84F843307F4BD3E76368A1
:10A0F0000AF0DF015A1C3FD10623636000224BF4B3
:10A100008063236006920EAACDE904A20DAA0392F1
:10A110000DF13302CDE901326368424600932846CF
:10A120004B460A91FFF7D4FE0A99804647290D99BC
:10A1300028D1C81C02DB6368994240DDAAF1020AFB
:10A140005FFA8AFA5246013904F150000D91FFF787
:10A1500023FF0E9A81461318012A236102DC22682C
:10A16000D20701D5013323619DF83330002B9ED0F7
:10A170002D2384F843309AE74729BFD1002BBDD166
:10A180000123BAE7BAF1650FDCD9BAF1660F18D12D
:10A19000002963680BDD216113B92268D00702D55D
:10A1A00001330B4423614FF00009A165DCE713B9CB
:10A1B0002268D20701D50233F4E70123F2E74FF01A
:10A1C000670A0E9B994205DB23682161D807EAD50F
:10A1D0004B1CE7E70029CCBF0122C1F10202134466
:10A1E000E0E723685A0507D42369424631462846EA
:10A1F000B84701302BD164E7BAF1650F40F2DC803B
:10A20000D4E9120100220023F6F7CEFB002833D058
:10A21000012331462846354AB84701303FF451AF53
:10A22000DDE90D38434502DB2368D8070FD5DDE9AA
:10A23000082331462846B84701303FF442AF4FF07B
:10A24000000908F1FF3804F11A0AC84509DC23683F
:10A250009B0700F10281E0680F9B9842B8BF184647
:10A2600031E70123524631462846B84701303FF4D2
:10A2700028AF09F10109E8E70D9B002B38DC012329
:10A2800031462846194AB84701303FF41AAFDDE994
:10A290000D3959EA030302D12368D907D7D5DDE97F
:10A2A000082331462846B84701303FF40AAF4FF043
:10A2B000000A04F11A0B0D9B5B42534501DC4B462F
:10A2C00093E701235A4631462846B84701303FF408
:10A2D000F8AE0AF1010AEEE7FFFFEF7F5AF000083F
:10A2E0005EF0000862F0000866F00008F8F300086D
:10A2F000A36DDDF838A05345A8BF5346002B9946FF
:10A3000036DC4FF0000B29EAE97904F11A02A36D5B
:10A310000A93A3EB09035B4531DC0D9B9A453ADCBC
:10A320002368DA0737D40D9BAAEB03090A9BAAEB33
:10A3300003039945A8BF9946B9F1000F33DC4FF0EC
:10A34000000829EAE97904F11A0B0D9BAAEB030333
:10A35000A3EB090343457FF77AAF01235A46314601
:10A360002846B84701303FF4ACAE08F10108ECE7ED
:10A37000424631462846B8470130C2D1A1E6012302
:10A38000314628460A92B84701303FF49AAE0A9AFD
:10A390000BF1010BBBE73146DDE908232846B8473E
:10A3A0000130C0D18DE60A9A4B46314628464244D8
:10A3B000B8470130C3D184E6DDF838A0BAF1010F07
:10A3C00001DCDB0736D50123424631462846B84733
:10A3D00001303FF476AEDDE9082331462846B84720
:10A3E00001303FF46EAED4E91201002200230AF1DD
:10A3F000FF3AF6F7D9FAC0B9534608F101023146DF
:10A400002846B84701300CD15BE601235A46314655
:10A410002846B84701303FF454AE08F10108D04552
:10A42000F3DB4B4604F15002E0E64FF0000804F184
:10A430001A0BF4E701234246E1E701234A4631467D
:10A440002846B84701303FF43CAE08F10108E36804
:10A450000F995B1A4345F0DCFDE64FF0000804F16C
:10A460001909F4E72DE9F047164698468A680B6902
:10A4700007469342B8BF1346336091F843200C4619
:10A48000DDF820900AB1013333602368990642BF9A
:10A49000336802333360256815F0060506D104F1F0
:10A4A000190AE36832689B1AAB422BDC94F84330FC
:10A4B0002268003B18BF0123920630D4414638463B
:10A4C00004F14302C847013023D02368226903F016
:10A4D0000603042B14BF002533684FF0000608BFA5
:10A4E000E56804F11A0408BFED1A54F8123C08BFDD
:10A4F00025EAE5759342C4BF9B1AED18B5421AD1FF
:10A50000002008E00123524641463846C847013042
:10A5100003D14FF0FF30BDE8F0870135C1E73020AF
:10A52000E11881F843005A1C94F845102244023384
:10A5300082F84310C2E70123224641463846C84705
:10A540000130E6D00136D9E72DE9FF470F7E91466D
:10A55000782F80460C469A460C9E01F1430207D89C
:10A56000622F0AD8002F00F0D380582F00F0BA8055
:10A5700004F1420684F842703AE0A7F16303152B18
:10A58000F6D801A151F823F0E1A50008F5A50008CF
:10A5900071A5000871A5000871A5000871A5000843
:10A5A000F5A5000871A5000871A5000871A50008AF
:10A5B00071A50008F7A600081FA60008B1A60008AC
:10A5C00071A5000871A5000819A7000871A5000869
:10A5D0001FA6000871A5000871A50008B9A600080B
:10A5E00033681A1D1B68326004F1420684F8423059
:10A5F00001239EE033682068191D3160060601D5ED
:10A600001D6803E04506FBD5B3F90050002D03DAC1
:10A610002D236D4284F843300A23594811E0216804
:10A620003368080653F8045B02D4490648BFADB24C
:10A630006F2F336014BF0A2308235148002184F888
:10A6400043106668002EA8BF2168A660A4BF21F051
:10A65000040121600DB9002E4BD01646B5FBF3F175
:10A6600003FB1157C75D06F8017D2F46BB420D461F
:10A67000F4D9082B0BD12368DF0708D5236961685B
:10A680009942DEBF302306F8013C06F1FF36921BEB
:10A6900022614B4621464046CDF800A003AAFFF7B1
:10A6A000E1FE01304AD14FF0FF3004B0BDE8F08741
:10A6B000236843F0200323607827324884F84570EC
:10A6C000236831681F0651F8045B02D45F0648BF57
:10A6D000ADB23160D90744BF43F0200323601DB100
:10A6E0001023ABE72648E9E7236823F02003236023
:10A6F000F6E71646BDE733682568181D61693060C6
:10A700002E061B6801D5196002E06806FBD519808A
:10A71000002316462361BCE7336800211A1D32600E
:10A720001E686268304600F044FC08B1801B60601F
:10A7300063682361002384F84330AAE73246494620
:10A7400040462369D0470130ADD023689B0713D41E
:10A75000E068039B9842B8BF1846A6E7012332463B
:10A7600049464046D04701309DD00135E368039902
:10A770005B1AAB42F2DCEBE7002504F11906F5E7C2
:10A780006AF000087BF000082DE9F04F87B00393D2
:10A790008B6817465A1EB2F5AE7F82BF6FF4AE7556
:10A7A00003EB050B40F25D130A464FF0000588BF2E
:10A7B0008B600B68804643F4F06342F81C3B0C4608
:10A7C00098BF4FF0000B1646AA46A946CDE904559E
:10A7D00001920295A26852B13B681B784E2B65D856
:10A7E000402B3DD8A3F12B01C8B20E283BD9B9F1BB
:10A7F000000F03D0236823F4807323600AF1FF3A2B
:10A80000BAF1010F00F21881019B9E4200F209810A
:10A81000012007B0BDE8F08FA3F161020D2AE6D850
:10A8200001A151F822F000BF6FA90008EFA70008AE
:10A83000EFA70008EFA70008CFA90008A7A9000804
:10A84000EFA70008EFA700087DA90008EFA7000800
:10A85000EFA70008EFA70008EFA7000835A9000838
:10A86000A3F14102DAE70E29C1D801A050F821F086
:10A8700025A90008EFA7000825A90008BBA9000822
:10A88000EFA70008CDA800080BA900080BA9000835
:10A890000BA900080BA900080BA900080BA90008C8
:10A8A0000BA900080BA900080BA900086E2B09D8FA
:10A8B000602BB1D8542B7BD0592B98D1072D96D132
:10A8C00008252CE0742B73D0792BF6E72168C80596
:10A8D0001BD521F08001216009F10109BBF1000FB6
:10A8E00003D001320BF1FF3BA260A368013BA360E0
:10A8F0002369013323617B68013B002B7B6040F3BC
:10A9000087803B6801333B6064E71AEB05017FF405
:10A910006EAF0D468A46226822F4C072226006F8A5
:10A92000013BE2E7226810067FF561AF22F080026A
:10A930002260F4E7BAF1000F0ED1B9F1000F0ED189
:10A94000226802F4E061B1F5E06F08D122F4F06210
:10A950004FF0010A2260E2E7BAF1020F55D0012D53
:10A9600002D0042D7FF443AF0135EDB2D7E7BAF141
:10A97000010F7FF43CAF4FF0020AD0E77DB9B9F187
:10A98000000F7FF437AF226802F4E061B1F5E06FA9
:10A9900040F0038122F4F06201252260BFE7032D1D
:10A9A000E2D0052DDEE7022D7FF421AF0325B6E7C7
:10A9B000062D7FF41CAF0725B1E7226891057FF5CE
:10A9C00016AF22F420722260CDF80890A7E7226823
:10A9D00002F4A061B1F5806F06D050057FF507AF96
:10A9E000B9F1000F00F0D980910558BF029922F407
:10A9F000F06258BFA9EB010142F4C0724FF00009A8
:10AA000058BFCDE90416226089E74FF0030A86E7B4
:10AA100039464046D4F88031984700283FF4DAAEF2
:10AA2000E5E6D4F87C313A46404616F8011D9847D1
:10AA30002369013B2361E7E66B1E062B24D8022D18
:10AA400036D8019B9E427FF6E3AED4F87C313A467D
:10AA5000404616F8011D98472369013B2361F0E742
:10AA6000D4F87C313A4640461BF8011D98472369CB
:10AA7000013B23610AF1FF3A5FFA8AFABAF1020F49
:10AA8000EED1033DEDB2761B2368DA0530D55B05C8
:10AA900011D5019B9E427FF6BBAED4F87C313A467D
:10AAA000404616F8011D98472369013B2361F0E7F2
:10AAB000AA46B346DEE716F8011C2369652903F1AF
:10AAC000FF3306F1FF3523610CD045290AD0D4F8B5
:10AAD0007C313A4640469847236916F8021C013BF0
:10AAE000B51E23613A464046D4F87C3198472E463D
:10AAF000226812F0100201D000208AE6327023682A
:10AB000003F4C063B3F5806F1CD1029B4B45A3EBEC
:10AB1000090223D100224046019902F05DFC039B0B
:10AB200025681B6815F0020F06460F4603F1040264
:10AB30001FD003990A601B68C3E90067E36801330B
:10AB4000E360D9E7049B002BE4D005990A23404633
:10AB5000013102F0C1FC049B059EC21A04F26F137E
:10AB60009E4228BF04F5B77630460D4900F012F931
:10AB7000D0E76D07DDD4039D2A601D6802460B46B1
:10AB8000F5F744FF20B1074800F030FA2860D5E718
:10AB900030463946F5F798FFF8E74FF000092DE603
:10ABA0008CF0000840F40008002310B50446C0E90A
:10ABB0000033C0E90433836081814366C2818361CD
:10ABC000194608225C3000F074F90D4B2462636270
:10ABD0000C4BA3620C4BE3620C4B23630C4B9C426B
:10ABE00006D003F16802944202D0D0339C4205D1D2
:10ABF00004F15800BDE8104000F0D8B910BD00BF06
:10AC000029AE00084FAE000887AE0008ABAE0008C2
:10AC100064070020024A0349034800F069B800BFF6
:10AC2000CC000020B9DE0008DC00002041680C4B9D
:10AC300010B59942044601D003F03EF9A168094BD2
:10AC4000994202D0204603F037F9E168064B994259
:10AC500004D02046BDE8104003F02EB910BD00BF5F
:10AC600064070020CC0700203408002010B50B4BEF
:10AC70000B4C0C4A20461A6004210022FFF794FF77
:10AC800004F1680001220921FFF78EFF04F1D000D2
:10AC90000222BDE810401221FFF786BF9C08002069
:10ACA0006407002015AC0008014800F080B900BF1F
:10ACB000A5080020014800F07BB900BFA5080020CE
:10ACC00010B50446FFF7F0FF236A1BB1BDE8104042
:10ACD000FFF7F0BF044B2362044B1B68002BF5D138
:10ACE000FFF7C4FFF2E700BF2DAC00089C0800206E
:10ACF0002DE9F8430746884614460026D4E9019515
:10AD0000B9F1010905D52468002CF7D13046BDE81A
:10AD1000F883AB89012B07D9B5F90E30013303D085
:10AD200029463846C04706436835E9E70CB430B5D4
:10AD3000174B0C1E1D689DB008DA8B234FF0FF30B7
:10AD40002B601DB0BDE8304002B070474FF4027375
:10AD5000ADF814300CBF234604F1FF33049307937E
:10AD60004FF6FF7302900690ADF81630284621ABDF
:10AD7000209A02A9019302F00DFC431CBCBF8B2357
:10AD80002B60002CDDD00022029B1A70D9E700BF97
:10AD9000D80000200EB46FF0004100B59CB01DAB90
:10ADA00002900690079104910848094953F8042B32
:10ADB0000591006802A9019302F0ECFB0022029BBE
:10ADC0001A701CB05DF804EB03B07047D800002087
:10ADD0000802FFFF0EB44FF4017230B59CB01FACF7
:10ADE00054F8045BADF8142002900690F5F7B0F922
:10ADF0000B4B03900B9300230F9314934FF6FF73A9
:10AE000007900848ADF816302A46234602A9006884
:10AE1000019402F013FD1CB0BDE8304003B0704750
:10AE20004BAE0008D800002010B50C46B1F90E104A
:10AE300000F06EF80028ABBF636DA3891B1823F4E4
:10AE40008053ACBF6365A38110BD002070472DE91E
:10AE5000F0411F468B890546DB050C46164605D595
:10AE600002230022B1F90E1000F040F8A389324607
:10AE700023F48053A38128463B46B4F90E10BDE865
:10AE8000F04100F057B810B50C46B1F90E1000F0C3
:10AE90002DF8431CA38915BF606523F4805343F448
:10AEA0008053A38118BFA38110BDB1F90E1000F02B
:10AEB0000DB803460244934200D1704703F8011BCA
:10AEC000F9E70000004870471802002038B5002359
:10AED000054D044608462B60FAF7FBF8431C02D1E7
:10AEE0002B6803B1236038BDA008002038B50446A4
:10AEF000084611460022054D2A601A46FAF70DF958
:10AF0000431C02D12B6803B1236038BDA008002088
:10AF100038B50446084611460022054D2A601A46F7
:10AF2000FAF79EF8431C02D12B6803B1236038BDA9
:10AF3000A008002038B50446084611460022054DF9
:10AF40002A601A46FAF7A9F8431C02D12B6803B10C
:10AF5000236038BDA0080020014B1868704700BF6F
:10AF6000D800002070B500260C4D0D4C641BA410B9
:10AF7000A64209D103F062FF00260A4D0A4C641B69
:10AF8000A410A64205D170BD55F8043B9847013680
:10AF9000EEE755F8043B98470136F2E7ACF40008B9
:10AFA000ACF40008ACF40008B0F400087047704737
:10AFB0007047034610B5C9B202449342184601D106
:10AFC000002003E0047801338C42F6D110BD0A441E
:10AFD000914200F1FF3300D1704710B511F8014BD9
:10AFE000914203F8014FF9D110BD000000487047AD
:10AFF0000000C07F2DE9F74F03690C690746A342A3
:10B000007EDB013CA30000F1140501F1140800935C
:10B0100005EB8403019358F8243055F824200133BC
:10B020009A42B2FBF3F608EB84092ED34FF0000AE4
:10B03000C446AE46D3465CF8043B98B206FB00A07B
:10B040001B0C020C06FB0323DEF8002080B292B238
:10B05000121A5A44DEF800004FEA134A9BB2C3EBBF
:10B06000224303EB104392B242EA0342E1454FEA26
:10B07000234B4EF8042BDED2009BEB582BB9019BDF
:10B08000043B9D421A462FD33C61384601F0C4F977
:10B09000002825DB2946002058F8042BD1F800C0F1
:10B0A0001FFA82FE1FFA8CF3A3EB0E030344120C6B
:10B0B000C2EB234202EB1C429BB243EA0243C1456E
:10B0C0004FEA224041F8043BE6D255F8242005EB34
:10B0D000840322B9043B9D421A460BD33C610136DE
:10B0E000304603B0BDE8F08F1268043B002ACBD194
:10B0F000013CC6E71268043B002AEFD1013CEAE7B5
:10B100000020EEE7000000002DE9F04F14461D4638
:10B11000C76997B08346CDE90245239E7FB91020C9
:10B1200000F002FE0246CBF81C0020B9EF21A84B2C
:10B13000A84802F09DFFC0E901770760C760DBF80F
:10B140001C30196859B15A68012393404A608B60DA
:10B15000584600F0DFFE0022DBF81C301A602B1E80
:10B16000AFBF0023012223F000430393A8BF336045
:10B17000DDF80C80984BB8BF326033EA080312D177
:10B1800042F20F73229A1360C8F31303234300F0B3
:10B190005085249BDFF844A2002B00F052850AF171
:10B1A000030300F04CBDDDE90223CDE90C23DDE90A
:10B1B0000C0100220023F5F7F7FB074658B10123E5
:10B1C000229A1360249B13B1854B249A1360DFF8F5
:10B1D00014A200F036BD14AB019315AB0093584692
:10B1E000DDE90C2301F030FAC8F30A568146002E3F
:10B1F00077D0DDE90C010D9BA6F2FF36C3F31303F4
:10B2000043F07F5343F44013129719460022764BC4
:10B21000F4F7AAFF68A3D3E90023F5F75DF968A363
:10B22000D3E90023F4F7A2FF044630460D46F5F7B4
:10B23000E9F865A3D3E90023F5F74EF902460B467A
:10B2400020462946F4F792FF04460D46F5F7F4FB35
:10B2500000220746002320462946F5F7AFFB40B100
:10B260003846F5F7CFF822462B46F5F79DFB00B997
:10B27000013F162F53D8DDE90C015C4B03EBC703EC
:10B28000D3E90023F5F79AFB00284AD00023013FB9
:10B290000F93149B9B1B5A1E46BFC3F1010800234A
:10B2A0004FF00008099248BF0993002F3BDB099B30
:10B2B0000E973B44099300230A93209B092B66D8E1
:10B2C000052BC4BF043B2093209BC8BF0024A3F1DF
:10B2D0000203D8BF0124032B64D8DFE803F02B3826
:10B2E0003656DDE914631E4406F23243202BC1BFFB
:10B2F000C3F1400308FA03F806F2124324FA03F3F9
:10B30000D6BFC3F1200348EA030004FA03F0F5F7BF
:10B3100069F80122A1F1F873013E129275E7012349
:10B32000B6E70F90B5E77B420A930023A8EB070826
:10B330000E93C2E700230B93219B002B35DC0123E6
:10B340001A46CDE9073321920BE00123F3E70023EE
:10B350000B93219BFB1808930133012B0793B8BF74
:10B36000012300210422DBF81C0002F114059D4298
:10B370001FD94160584600F08DFD8246002839D122
:10B38000024640F2AF111A4BD2E60123E0E7012456
:10B3900000230B9420934FF0FF330022CDE90733B5
:10B3A0001223D0E701230B93F5E7219BCDE9073367
:10B3B000D7E701315200D8E761436F63A787D23FD7
:10B3C000B3C8608B288AC63FFB799F501344D33F94
:10B3D0009EF00008B5F000080000F07F9AF0000829
:10B3E000F9F30008F8F300080000F83FB0F1000896
:10B3F0000DF10008DBF81C301860079B0E2B00F2E3
:10B40000A480002C00F0A180002F33DD864B07F0D4
:10B410000F0203EBC203F805D3E90034CDE904348D
:10B420004FEA271416D5DDE90C01804B0326D3E93A
:10B430000823F5F77BF9CDE9020104F00F047B4DF9
:10B4400054B9DDE90423DDE90201F5F76FF9CDE92F
:10B45000020128E00226F2E7E10708D5DDE9040150
:10B46000D5E90023F5F738F8CDE904010136641079
:10B470000835E5E700F0D280DDE90C017C426A4B3B
:10B4800004F00F0203EBC203D3E90023F5F724F81D
:10B4900002260023CDE90201644D2411002C40F066
:10B4A000B280002BD3D1DDE902450F9B002B00F0C9
:10B4B000B7800022204629465D4BF5F77FFA002829
:10B4C00000F0AE80079B002B00F0AA80089B002BA9
:10B4D00037DD7B1E2046049300222946554BF4F7A6
:10B4E000FBFFCDE90201089C01363046F4F78AFFE4
:10B4F000DDE90223F4F7F0FF00224F4BF4F736FEAC
:10B500000546A1F15076002C40F09A80DDE9020159
:10B5100000224A4BF4F728FE02460B46CDE90223EF
:10B520002A463346F5F768FA002840F08E82DDE9B6
:10B5300002012A4606F10043F5F740FA002840F0E0
:10B540002781DDE90C34CDE90234159B002BC0F2D4
:10B5500063810E2F00F36081334B03EBC703D3E904
:10B560000034CDE90434219B002B03DA079B002B28
:10B5700040F30081DDE902455646DDE9042320461B
:10B580002946F5F7D3F8F5F757FA8046F4F73AFF6E
:10B59000DDE90423F4F7A0FF02460B4620462946C6
:10B5A000F4F7E2FD08F13004079D06F8014BA6EB25
:10B5B0000A04A54202460B4640F01681F4F7D6FD78
:10B5C000DDE9042304460D46F5F716FA002840F09D
:10B5D000F880DDE9042320462946F5F7E5F918B19E
:10B5E00018F0010F40F0ED804946584600F092FCFB
:10B5F00000233370229B01371F60249B002B00F037
:10B6000020831E601DE3E20705D5D5E90023F4F78A
:10B6100063FF01230136641008353FE7022642E745
:10B62000079C049761E700BFB0F1000888F10008AB
:10B630000000F03F0000244000001C4000001440C7
:10B64000704B0B9903EBC40353E9022354440029C4
:10B6500045D000206C49F5F769F833462A46F4F7DF
:10B6600083FD5646CDE91001DDE90201F5F7E4F965
:10B670000546F4F7C7FE02460B46DDE90201F4F782
:10B6800073FD02460B463035CDE90223DDE9102378
:10B6900006F8015BF5F792F9002863D1DDE9022392
:10B6A00000205A49F4F760FDDDE91023F5F786F92B
:10B6B000002840F08780A6423FF443AFDDE9100147
:10B6C0000022534BF4F708FF0022CDE91001DDE919
:10B6D00002014F4BF4F700FFCDE90201C4E7314608
:10B6E0002846F4F7F9FE5646CDE910011394DDE93A
:10B6F0000201F5F7A1F90546F4F784FE02460B4670
:10B70000DDE90201F4F730FD02460B46303506F85C
:10B71000015BA642CDE902234FF0000224D1DDE90E
:10B720001001394BF4F722FD02460B46DDE9020118
:10B73000F5F762F9002845D1DDE9102300203249F0
:10B74000F4F712FD02460B46DDE90201F5F736F982
:10B7500000283FF4F6AE139E731E139316F8013CB7
:10B76000302BF8D0049F3FE7294BF4F7B5FECDE925
:10B770000201BCE70CD1DDE904010022254BF4F7FE
:10B78000ABFEDDE90223F5F72DF9002800F05B811F
:10B7900000242546219B5646DB430493002721467F
:10B7A000584600F0B7FB002DDCD02FB1AF4203D0DC
:10B7B0003946584600F0AEFB2946584600F0AAFB31
:10B7C000D0E7049733461E4613F8012D392A07D1D6
:10B7D0009A45F8D1049A0132049230228AF8002066
:10B7E0001A7801321A70BDE70022094BF4F774FE93
:10B7F0000022002304460D46F5F7D6F800283FF452
:10B80000BCAEF1E6B0F100080000E03F0000F03F00
:10B8100000002440000014400B9A002A00F0DB8056
:10B82000209A012A00F3BF80129A002A00F0B78004
:10B8300003F2334346460A9C099A01211A445846AA
:10B840009844099200F064FC05465EB1099B002B08
:10B8500008DDB342A8BF3346099AA8EB0308F61ADD
:10B86000D31A09930A9BF3B10B9B002B00F0B7800E
:10B870008CB129462246584600F008FD4A4601464A
:10B880000546584600F05AFC49460490584600F0D8
:10B8900041FB049B99460A9B1A1B04D04946584613
:10B8A00000F0F4FC81460121584600F031FC0E9B6B
:10B8B0000446002B00F0C9811A460146584600F0A4
:10B8C000E5FC209B0446012B00F38F80029B002B9C
:10B8D00040F08780039BC3F31303002B40F0838069
:10B8E000039B23F000431B0D1B052BB1099B08F1A3
:10B8F00001080133099301230A930E9B002B00F0EA
:10B90000AA81236904EB8303186900F0B5FBC0F139
:10B910002000099B184410F01F0071D0C0F12003D3
:10B92000042B65DD099BC0F11C00034480440644E0
:10B930000993B8F1000F05DD49464246584600F02C
:10B94000FFFC8146099B002B05DD21461A4658461F
:10B9500000F0F6FC04460F9B002B53D021464846CE
:10B9600000F05AFD00284DDA7B1E494604930A2256
:10B970000023584600F0F0FA0B9B8146002B00F0A4
:10B980006C81002329460A22584600F0E5FA089BFC
:10B990000546002B61DC209B022B3BDC5DE0149B09
:10B9A000C3F1360346E7079B5C1E0A9BA342BFBF59
:10B9B0000A9B0E9AE31AD218A8BF1C1B079BBEBF96
:10B9C0000A940E920024002BB5BFA8EB030646464E
:10B9D0000023079B30E746460A9C0B9D35E70A9AF1
:10B9E0005CE7002388E7029B86E700230A9388E749
:10B9F0009FD0099A1C331A4498441E44099298E730
:10BA00000346F6E7079B0497002B20DC0893209B56
:10BA1000022B1EDD089B002B7FF4BCAE21460522C5
:10BA2000584600F099FA01460446484600F0F4FCF6
:10BA300000287FF7AFAE3123564606F8013B049B42
:10BA400001330493AAE6079C04972546F3E7079B76
:10BA500008930B9B002B00F00481002E05DD294686
:10BA60003246584600F06CFC05460A9B002B5AD023
:10BA70005846696800F00EFA064628B9024640F2B8
:10BA8000EF21834BFFF754BB2A6905F10C01023209
:10BA900092000C30FFF79BFA01223146584600F025
:10BAA0004FFC2F4605460AF101030793089B5344B8
:10BAB0000B93029B03F001030A93079B2146013B72
:10BAC00048460293FFF796FA3946089000F130088D
:10BAD000484600F0A1FC2A4609902146584600F04D
:10BAE000B7FCC268064602BB0146484600F094FC1B
:10BAF0000246314658460C9200F00CFA209B0C9AF4
:10BB0000079E43EA02010A9B194310D1B8F1390F8D
:10BB100029D0099B002B02DD089B03F13108029B11
:10BB200083F800803BE62846BBE70122E1E7099B5A
:10BB3000002B04DB20990B430A990B4320D1002AE8
:10BB4000EDDD49460122584600F0FAFB21468146C8
:10BB500000F062FC002803DCE1D118F0010FDED018
:10BB6000B8F1390FD8D13923029A137033461E46E3
:10BB700016F8012C013B392A52D001321A700EE618
:10BB8000002A07DDB8F1390FEDD0029A08F1010360
:10BB9000137004E6079B079A03F8018C0B9B9342F2
:10BBA00028D0494600230A22584600F0D5F9AF4272
:10BBB00081464FF000034FF00A023946584607D13C
:10BBC00000F0CAF907460546079B0133079374E75F
:10BBD00000F0C2F92946074600230A22584600F021
:10BBE000BBF90546F0E7089B0027002BCCBF1E469B
:10BBF0000126564449460122584600F0A1FB214641
:10BC0000814600F009FC0028B0DC02D118F0010FD9
:10BC1000ACD133461E4613F8012D302AFAD0BEE5CA
:10BC20009A45A4D1049B0133049331238AF8003050
:10BC3000B5E5249BDFF85CA01BB10AF10803249A48
:10BC40001360504617B0BDE8F08F209B012B7FF7A3
:10BC50003DAE0E9B0A9301205BE6089B002B7FF70D
:10BC6000D6AE564621464846FFF7C4F900F13008E3
:10BC7000089B06F8018BA6EB0A029342B3DD494606
:10BC800000230A22584600F067F98146EAE700BF20
:10BC90000DF1000891F0000838B50546002940D0A4
:10BCA00051F8043C0C1F002BB8BFE41800F0E6F874
:10BCB0001C4A136833B9636014602846BDE83840F5
:10BCC00000F0E2B8A34208D9206821188B4201BFD6
:10BCD00019685B6809182160EDE71A465B680BB1CB
:10BCE000A342FAD911685018A0420BD12068014430
:10BCF000501883421160E0D118685B6808441060F6
:10BD00005360DAE702D90C232B60D6E720682118AC
:10BD10008B4201BF19685B68091821606360546039
:10BD2000CBE738BDAC080020024B0146186800F094
:10BD300025B800BFD800002070B50F4E0C46316802
:10BD4000054611B902F07EF930602146284602F01E
:10BD500079F9431C03D14FF0FF34204670BDC41C59
:10BD600024F00304A042F8D0211A284602F06AF910
:10BD70000130F2D1EFE700BFA80800202DE9F84319
:10BD8000CD1C25F0030508350C2D38BF0C25002DE2
:10BD9000064601DBA94204D90C2333600020BDE82C
:10BDA000F883DFF8D48000F069F8D8F800301C463A
:10BDB00044BB29463046FFF7BFFF431C044658D119
:10BDC000D8F800402746002F43D1002C4BD02368E1
:10BDD0003946304604EB030902F034F9814542D17B
:10BDE000216830466D1A2946FFF7A6FF01303AD088
:10BDF00023682B442360D8F800305A6862BBC8F827
:10BE000000700FE02268521B20D40B2A17D9611949
:10BE1000A342256018BF5960636808BFC8F80010C6
:10BE200062514B60304600F02FF804F10B00231DE7
:10BE300020F00700C21A1CBF1B1AA350AFE76268AC
:10BE4000A3420CBFC8F800205A60EBE723466468A1
:10BE5000AEE73C467F68B6E71A465B68A342FBD173
:10BE600000235360DEE70C233046336000F00CF80B
:10BE700094E70560D6E700BFAC0800200148FFF753
:10BE800096B800BFA40800200148FFF791B800BF92
:10BE9000A408002070B5C66904460D4676B9102086
:10BEA000FFF742FF0246E06120B96B21174B1848AB
:10BEB00002F0DEF8C0E901660660C660E669F36874
:10BEC00083B1E369DB6853F82500B8B9012101FAB1
:10BED00005F6721D2046920002F0E8F860B1C0E954
:10BEE00001560EE021220421204602F0DFF8E3692A
:10BEF000F060DB68002BE4D1002070BD026843F8DD
:10BF000025200023C0E90333F7E700BF9EF00008B7
:10BF10001EF1000870B5C66905460C4676B91020BA
:10BF2000FFF702FF0246E86120B98F21084B09485C
:10BF300002F09EF8C0E901660660C6603CB1EB699C
:10BF40006268DB6853F82210216043F8224070BD1C
:10BF50009EF000081EF100082DE9F04107460C464E
:10BF60001E4600200D6901F1140CDCF80030013090
:10BF700099B202FB01611E0C0B0C02FB063389B265
:10BF800001EB034185424FEA13464CF8041BECDCFD
:10BF90000EB3A368AB4219DC616838460131FFF784
:10BFA00079FF804628B90246BA210C4B0C4802F0B2
:10BFB0005FF8226904F10C01023292000C30FFF7A5
:10BFC00006F821463846FFF7A5FF444604EB8503F3
:10BFD00001355E6125612046BDE8F0810DF1000864
:10BFE0001EF100082DE9F843154609221F460833C3
:10BFF0000C4693FBF2F30646012200219A4209DB2C
:10C000003046FFF747FF40B90246D321184B194885
:10C0100002F02EF852000131F0E7089B092D436130
:10C020004FF00103036116DD04F10909C8462C44F1
:10C0300018F8013B01460A223046303BFFF78CFFDF
:10C04000A045F5D1A5F108044C442D1B6319BB4252
:10C0500004DBBDE8F88309250A34F6E714F8013B50
:10C0600001460A223046303BFFF776FFEEE700BF7D
:10C070000DF100081EF100080346B0F5803F3ABFFD
:10C08000030410200020B3F1807F3CBF1B02083066
:10C09000B3F1805F3CBF1B010430B3F1804F3CBF64
:10C0A0009B000230002B05DB13F0804F00F10100F4
:10C0B00008BF202070470368024613F007000BD02A
:10C0C000D90721D4980749BF5B089B08012013605A
:10C0D0005CBF02201360704799B209B910201B0C95
:10C0E000D9B209B908301B0A190704BF1B0904306B
:10C0F000990704BF9B080230D90703D45B0800F1FD
:10C10000010003D013607047002070472020704763
:10C1100010B50C460121FFF7BDFE024628B940F2DA
:10C120004511044B044801F0A3FF0123446103615E
:10C1300010BD00BF0DF100081EF100082DE9F04F01
:10C1400014460A6923690F469A42A2BF23460C4649
:10C150001F46D4F810A0D7F81090A36861680AEBC6
:10C160000906B34285B0B8BF0131FFF793FE30B97D
:10C1700002464FF4B171434B434801F079FF00F19F
:10C1800014052B46002205EB8608434521D307F111
:10C19000140104F1140202EB8A0201EB89030293F9
:10C1A000131B153B23F00303043304F11507BA42B4
:10C1B00038BF04230193029B03918B420CD8002EBD
:10C1C00003DD58F8043D002B5AD0066105B0BDE8E8
:10C1D000F08F43F8042BD8E7B1F800A0BAF1000FB4
:10C1E00023D0A9464FF0000C04F1140E5EF8047B36
:10C1F000D9F800301FFA87FB9BB20AFB0B3363446C
:10C20000D9F800C03F0C4FEA1C4C0AFB07C707EBEC
:10C2100013479BB243EA074372454FEA174C49F86C
:10C22000043BE3D8019B45F803C0039B0431B3F8FA
:10C230000290B9F1000F21D0AE464FF0000A2B68F2
:10C2400004F1140CBCF800B0BEF802709BB209FBFC
:10C250000B77574443EA07434EF8043B5CF8043B32
:10C260004FEA134ABEF80030624509FB0A3303EB7C
:10C2700017434FEA134AE5D8019FEB5104359AE77B
:10C28000013E9CE70DF100081EF100082DE9F8437E
:10C29000154612F0030207460E4607D0254C013A18
:10C2A000002354F82220FFF757FE0646AD103DD07C
:10C2B000FC697CB91020FFF737FD0246F86128B908
:10C2C00040F2B3111C4B1D4801F0D2FEC0E90144FD
:10C2D0000460C460D7F81C80D8F808404CB940F21C
:10C2E00071213846FFF714FF00230446C8F8080000
:10C2F00003604FF00009EB070AD531462246384665
:10C30000FFF71CFF804631463846FFF703FE4646DE
:10C310006D100BD0206838B9224621463846FFF709
:10C320000DFF2060C0F800900446E4E73046BDE809
:10C33000F88300BF78F100089EF000081EF10008A5
:10C340002DE9F0470C46074691462369496803EBFF
:10C350006218A3684FEA621A08F10106B3420BDBC8
:10C360003846FFF797FD054648B902464FF4EF718E
:10C37000274B284801F07CFE01315B00EEE70023EB
:10C3800000F1140100F110021846534533DB206917
:10C390002AEAEA7A04F1140319F01F0901EB8A0171
:10C3A00003EB800C2BD08A460022C9F1200E1868BE
:10C3B00000FA09F010434AF8040B53F8042B9C458B
:10C3C00022FA0EF2F3D8ACEB0403153B23F003037F
:10C3D000043304F11500844538BF0423CA500AB160
:10C3E00008F10206013E384621462E61FFF792FD14
:10C3F0002846BDE8F08742F8040F0133C5E7043949
:10C4000053F8042B9C4541F8042FF9D8EAE700BF04
:10C410000DF100081EF1000803460A69006930B5F5
:10C42000801A0ED11433143103EB820401EB820124
:10C4300054F8045D51F8042D954203D005D24FF015
:10C44000FF3030BDA342F3D3FBE70120F9E7000042
:10C450002DE9F74F89460646114648461446FFF730
:10C46000DBFF051E12D129463046FFF713FD0246B9
:10C4700028B940F237213E4B3E4801F0F9FD012337
:10C48000C0E90435104603B0BDE8F08FBCBF4B4691
:10C49000A1463046D9F80410BABF1C460125002534
:10C4A000FFF7F8FC024618B940F24521304BE3E7AC
:10C4B00000F1140BD9F8107009F11003C5604FF0AA
:10C4C000000C09F11405D946266904F1140E05EB98
:10C4D00087080EEB86060193019B5EF8040B53F868
:10C4E00004AF81B201931FFA8AF35B1A000C634414
:10C4F000C0EB1A4000EB23409BB243EA0043764571
:10C500004FEA204C49F8043BE6D8331B153B23F097
:10C51000030315340433A64238BF04231D445B448F
:10C520001E462C4644450ED308F10301491B21F059
:10C530000301033DA84538BF00210B4453F8041DF7
:10C5400099B117619EE7E64654F8041B1FFA81FC77
:10C55000F444080C714400EB2C4089B241EA0041DC
:10C560004FEA204C46F8041BDCE7013FE6E700BF3A
:10C570000DF100081EF100080E4B0B40A3F15073A3
:10C58000002B08DC5B42B3F1A07F4FEA235204DAB0
:10C590004FF400231341002208E0A2F114031E2BE4
:10C5A000D6BF4FF000420122DA4000231946104660
:10C5B000704700BF0000F07F0269F8B500F1140673
:10C5C00006EB820252F8044C1E4F2046FFF754FD42
:10C5D0000346C0F120000A2BA2F10405086012DC1A
:10C5E000AE422CBF002252F8082CC3F10B0C1533BD
:10C5F00024FA0CFE04FA03F322FA0CF24EEA0701C5
:10C600001A431046F8BDAE4236BFA2F1080500221B
:10C6100052F8082C0B3B12D0C3F1200722FA07F185
:10C620009C400C43B54244F07F5194BF002455F820
:10C63000044C9A40FC4041F440112243E1E744EAB3
:10C640000701DEE70000F03F2DE97343012190462A
:10C650009946089EFFF71EFC044630B9024640F298
:10C660000F31234B234801F003FDC9F30A55C9F3E9
:10C6700013030DB143F480130193B8F1000324D0E8
:10C6800068460093FFF717FDDDE90012D8B1C0F14D
:10C69000200302FA03F30B43C24063610192019B42
:10C6A000002B0CBF01220222A3612261ADB1A5F2D1
:10C6B000334505443560C0F13500099B18602046BC
:10C6C00002B0BDE870836161E9E701A8FFF7F3FC00
:10C6D000019B012263612030E7E7A0F2324004EBC6
:10C6E000820330601869FFF7C7FCC0EB4210E4E733
:10C6F0000DF100081EF100082DE9F04F85B0CDE9DD
:10C70000001002A9FFF758FF8B4606460F46009817
:10C7100003A9FFF751FF0D46019B89461969009B4C
:10C7200004461B693046C91ADDE902329B1A03EB45
:10C730004113002BCDBF3A462A46C3EB033302EB2D
:10C74000035BD8BF02EB03594B4622465946F3F729
:10C75000EDFF05B0BDE8F08F013970B549111469DE
:10C76000013102F1140300EB810103EB8404051F86
:10C77000A3420CD3A31A113B23F003031132A242AC
:10C7800088BF002318440023884205D370BD53F8A6
:10C79000046B45F8046FEBE740F8043BF4E700F165
:10C7A000140200694B11984210B511DB0ADD11F03B
:10C7B0001F0107D052F8234024FA01F000FA01F1DA
:10C7C0008C420BD102EB8303934203D8002010BDAF
:10C7D0000346F7E753F8041D0029F5D00120F6E7DA
:10C7E0002DE9F0410F469046FFF7C6FE04460D4680
:10C7F000B8F1000F11D0C7F30A53C3F16B03002B3C
:10C800000BDD00241B0503F17F5505F5401522467D
:10C810002B46F3F761FE04460D4620462946BDE847
:10C82000F0810000000000002DE9F04F9FB017924A
:10C8300000220C461A924FF0000A4FF0000B0A46F5
:10C840000590199211782B2948D036D80D2930D867
:10C85000082930D8002939D000220B92199D2A7856
:10C86000302A40F0B1806A7802F0DF02582A6CD199
:10C8700002930B9B8E4A01931AAB009305981BAB56
:10C8800019A901F08FFC10F00F06044605D0062E02
:10C8900026D10023013519950B93179B002B40F0EF
:10C8A00084850B9BBBB150460BF100411FB0BDE826
:10C8B000F08F2029D0D10132C3E72D29CCD101211D
:10C8C0000B91511C19915278002AC7D1179B1994CA
:10C8D000002B40F0688550465946E7E70021EFE716
:10C8E0001A9A3AB135211CA8FFF736FF1A99059814
:10C8F000FFF710FB013E1B9A042E06D8DFE806F076
:10C9000014031D201400DDE91CABE10548BF4BF00A
:10C91000004B2BF000431B0D1B05002BBDD1FEF778
:10C920001BFB22230360B8E702F23342DDE91CA3BC
:10C9300023F4801343EA025BE7E7DFF878B1E4E72A
:10C940006FF0004B4FF0FF3ADFE7199B5A1C19922A
:10C950005B78302BF9D0002B9FD001230993199BD2
:10C960000A220C9300231F4608930A93199805780E
:10C97000A5F13003D9B2092928D901224E4901F085
:10C980004EFB002832D000202A4681463D46034611
:10C99000652A01D0452A14D11DB9099A024395D0C0
:10C9A0000025199C621C199262782B2A77D02D2AB7
:10C9B0007BD04FF0000CA2F13001092940F28280B7
:10C9C00019944FF00008A2E00023C7E7082FD5BF55
:10C9D0000A99089902FB013302FB013300F10100BF
:10C9E000D4BF0A93089301371990BFE7199B5A1CCB
:10C9F00019925A787FB381463D46A2F13003092B44
:10CA000012D90123C4E7199B01305A1C19925A7894
:10CA1000302AF8D0A2F13103082B00F2CB848146F2
:10CA200000200546199B0C93303A00F101032AD0EF
:10CA300099440A212B4600EB050C63450DD1691C76
:10CA400001442844082816DC0A230A9803FB002323
:10CA50000A93002318E03846DAE7082B03F10103B4
:10CA600003DC0A9E4E430A96E7E7102BDEBF089EC2
:10CA70004E430896E1E70F28EBDC0A23089803FBF6
:10CA800000230893E5E72946199A0D46501C199092
:10CA900052781846B1E74FF0000901237DE74FF0C7
:10CAA000000CA21C1992A27885E74FF0010CF8E760
:10CAB00090F200080000F07F78F20008199A511CEB
:10CAC00019915278302AF9D0A2F1310108293FF6A4
:10CAD00078AF4FF00A08303A0E92199A0F92199ACD
:10CAE000561C19965278A2F1300EBEF1090F39D9B1
:10CAF0000F9944F61F68761A082E03DC0E998845B4
:10CB0000A8BF8846BCF1000F01D0C8F10008002D75
:10CB10004ED1099908437FF4C0AE002B7FF4D6AE06
:10CB2000692A28D025DC492A25D04E2A7FF4CEAEAA
:10CB30009A4919A801F058FD00283FF4C7AE199B87
:10CB40001B78282B2ED196491CAA19A801F060FD4C
:10CB5000052827D11D9BDDF870A043F0FF4B4BF457
:10CB6000E00B9AE60E9908FB0121A1F130020E922A
:10CB7000B5E76E2ADAE78B4919A801F035FD0028E0
:10CB80003FF4A4AE199B8849013B19A8199301F001
:10CB90002BFD10B9199B013319934FF0000ADFF8F0
:10CBA0000CB27AE6824801F05DFA82468B4674E662
:10CBB000A8EB0903002F08BF2F460A98102D2C461A
:10CBC0000993A8BF1024F3F70DFC092D82468B466C
:10CBD00011DC099B002B3FF460AE099B76DD162B20
:10CBE0005DDC7449524601EBC3015B46D1E90001AB
:10CBF000F3F772FCD9E76F4B03EBC40353E912233D
:10CC0000F3F76AFC824608988B46F3F7EBFB024683
:10CC10000B4650465946F3F7A9FA0F2D82468B462C
:10CC2000D7DD099B2C1B1C44002C40F3968014F08C
:10CC30000F030AD05F49524601EBC301D1E900015D
:10CC40005B46F3F749FC82468B4634F00F0473D001
:10CC5000B4F59A7F48DD0024A046A1460A94222319
:10CC60004FF0000A059ADFF844B113600A9B002BCD
:10CC70003FF413AE1A990598FFF74CF94946059809
:10CC8000FFF748F941460598FFF744F90A990598D6
:10CC9000FFF740F921460598FFF73CF9FDE5099AB1
:10CCA000C5F125039342BCDB424CC5F10F0504EBF3
:10CCB000C5015246D1E900015B46F3F70DFC099B23
:10CCC0005D1B04EBC504D4E9002391E71633A8DB10
:10CCD000384BA9EB080803EBC8085046D8E90023F5
:10CCE0005946F3F723FD60E7334B50460893002382
:10CCF00059461E462411012C21DC0BB182468B467D
:10CD00002D49ABF1547B01EBC6015246D1E900013C
:10CD10005B46F3F7E1FB254B0A460B402749824669
:10CD20008B4298D8A1F580118B4286BF4FF0FF3A15
:10CD3000DFF88CB002F1547B002308937AE0E2071D
:10CD400005D5089BD3E90023F3F7C6FB0123089A16
:10CD50000136083264100892CDE7EDD0644214F039
:10CD60000F020AD0134B504603EBC2035946D3E9D6
:10CD70000023F3F7DBFC82468B462411DCD01F2C0A
:10CD800020DD0024A046A1460A942223059A4FF0F4
:10CD9000000A4FF0000B136068E700BF67F000085F
:10CDA0007CF200085FF0000894F000080000F07FBB
:10CDB00040F40008B0F1000888F100080000A07CF1
:10CDC000FFFFEF7F14F0100318BF6A23504608934B
:10CDD00059460023A94EE20704D5D6E90023F3F70C
:10CDE0007BFB0123641006F10806F4D10BB18246E7
:10CDF0008B46089BB3B1CBF30A52C2F16B03002BF5
:10CE000059460FDD1F2B57DD342BD8BF4FF0FF33B2
:10CE10004FF0000ACFBF4FF05C7BC2F14B02934052
:10CE200003EA010B0022002350465946F3F7BCFDEC
:10CE30000028A6D10A9B3A4600930C992B460598E8
:10CE4000FFF7D0F80A9000283FF405AF0024099AB4
:10CE5000A9EB0803002AA8BF0023A046129322EAE8
:10CE6000E27316930A9B05985968FFF713F88146F9
:10CE700000283FF4F4AE0A9B0C301A6903F10C0150
:10CE800002329200FEF7A3F81CAB01931BAB009398
:10CE900052465B460598CDE90CABFFF7D5FB1A90DF
:10CEA00000283FF4DCAE01210598FFF731F98046F8
:10CEB00048B94FF00008D2E64FF0FF3202FA03F310
:10CEC00003EA0A0AAEE71B9D1C9A002DABBF129B1A
:10CED000169BEF185E1B089BA8BF169EA5EB0305CB
:10CEE0001544674B05F1FF35B8BF129F9D42C2F153
:10CEF000360250DA5B1B1F2B4FF00101A2EB03023D
:10CF00003DDC01FA03F3139300231093BD18089B33
:10CF1000AF4216441E443B46A8BF2B46B342A8BFAF
:10CF20003346002BC2BFED1AF61AFF1A129B002BD4
:10CF300016DD41461A460598FFF7A8F980460028F5
:10CF4000B7D001461A9A0598FFF7F8F80E90002816
:10CF50003FF485AE1A990598FEF7DCFF0E9B1A93F5
:10CF6000002D1DDC099B002B23DD4946169A0598F0
:10CF7000FFF78CF98146E0B94FF000096FE6C5F183
:10CF80007F4505F57F0505F57B45E23501FA05F39B
:10CF900010931391BAE70023109301231393B5E77D
:10CFA0002A461A990598FFF7CBF91A900028D9D18B
:10CFB00055E6002E07DD494632460598FFF7C0F9D1
:10CFC00081460028D8D0002F08DD41463A46059812
:10CFD000FFF7B6F9804600283FF441AE4A461A9959
:10CFE0000598FFF735FA044600283FF438AEC368C9
:10CFF00041460F930023C360FFF70EFA002845DA7D
:10D000000F9B53EA0A036BD1CBF31303002B67D1B9
:10D010002BF000431B0D1B05B3F1D66F60D963697C
:10D0200013B92369012B5BDD214601220598FFF727
:10D0300087F941460446FFF7EFF9002850DD2BF051
:10D040000043089A1B0D1B05002A6AD0B3F1D66F66
:10D0500067D8B3F15C7F7FF698AE50465946094BCE
:10D060000022F3F739FA084B82460B408B46002B1F
:10D070007FF400AE2223059A1360FBE5A8F20008B6
:10D0800002FCFFFF000050390000F07FCDF838B0FF
:10D0900065D10F9ACBF313035AB3994A93422BD11C
:10D0A000089B514603B35A46964B1340B3F1D46FD5
:10D0B0004FF0FF321BD81B0DC3F16B0302FA03F3D1
:10D0C000994219D1904B0E9A9A4202D101313FF404
:10D0D000C6AD4FF0000A8B4B0E9A1A4002F5801B2A
:10D0E000089B002BB9D1C5E54FF0FF33E8E71346A5
:10D0F000E6E753EA0A03A2D0109BDBB10E9A134273
:10D10000EED00F9B50465946089ABBB1FFF768FB1B
:10D1100002460B46DDE90C01F3F728F882468B4600
:10D12000DEE7A3F580136FEA135B4FF0FF3A6FEA77
:10D130000B5BD5E7139B13EA0A0FE1E7FFF750FB00
:10D1400002460B46DDE90C01F3F70EF8002200233E
:10D1500082468B46F3F728FC0028C1D015E64146ED
:10D160002046FFF7C9FA00224FF0804306460F46DB
:10D17000F3F72EFC00286DD00F9B002B78D1BAF16D
:10D18000000F56D10E9BC3F31303002B58D100227E
:10D19000304639465D4BF3F711FC002857D1304635
:10D1A000394600225A4BF3F797F906460F4607F126
:10D1B000004306960793DDE90623524DCDE910237F
:10D1C0000E9B1D40534B9D4240F0AA800E9B504643
:10D1D000A3F1547B5946FFF7CFF9DDE90623F3F7B6
:10D1E0007BF952465B46F2F7C1FF0B4645494A4A76
:10D1F00019409142824642D90D9A434B9A4203D13B
:10D200000C9B01333FF42BAD4FF0FF3ADFF8F8B041
:10D210001A990598FEF77EFE49460598FEF77AFEB4
:10D2200041460598FEF776FE21460598FEF772FE08
:10D2300018E6BAF1010F03D10E9B002B3FF4A5AD08
:10D240000022364B0026CDE90623304FB3E70026F7
:10D250002F4FACE7304639462D4B0022F3F73CF90F
:10D260000F9B06460F46002BA1D0CDE90667A2E72B
:10D270000022264B16461F46CDE906239BE703F105
:10D28000547B089BCDF838B0002BC1D12BF0004364
:10D290001B0D1B059D42BBD130463946F3F758FFA5
:10D2A000F3F7ECF802460B4630463946F2F75CFFDE
:10D2B0000B460246CBF31306CDE90C230F9B46EA3F
:10D2C0000A061E4369D00AA3D3E90023F3F776FBCD
:10D2D00000287FF4CFAC08A3D3E90023DDE90C01DB
:10D2E000F3F78AFB002893D0C4E400BFAFF30080BB
:10D2F0009535A094FFFFDF3F35E5AF350000E03FF7
:10D30000FFFF0F000000F07FFFFFEF7F0000F03F06
:10D310000000E03F0000E07FFFFF9F7C0000F0BFC7
:10D32000089B23B3B5F1D46F21D827A3D3E90023F9
:10D3300030463946F3F74CFBA0B139463046F3F797
:10D34000A3FB012838BF0120F3F74CF80F9B0646DA
:10D350000F46FBB901F1004314901593DDE9142346
:10D36000CDE91023119B03F1D6635B1B1193DDE91B
:10D370000C01DDE910ABFFF7FFF802460B46504603
:10D380005946F3F7A9F8DDE90C23F2F7EFFE8246E0
:10D390008B4676E7CDE91467E0E70DA3D3E90023D8
:10D3A000F3F70CFB9EE700230B93199B179A13606E
:10D3B000FFF777BA652A3FF46EAB452A3FF46BABB3
:10D3C0000123FFF7A6BB00BF0000C0FFFFFFDF4146
:10D3D0009535A094FFFFCF3F014BFFF725BA00BF63
:10D3E00028010020242B2DE9F0478646904601D8DD
:10D3F000012B06D1FDF7B0FD162303600020BDE828
:10D40000F0870D4633482A4615F8014B065D16F0A5
:10D410000806F8D12D2C2DD101262C78951C33F03F
:10D42000100209D1302C2AD12A7802F0DF02582AC2
:10D4300025D110236C780235002206F1004C0CF146
:10D44000FF3CBCFBF3F9104603FB19CAA4F13007FB
:10D45000092F1BD83C46A34227DD571C07D0814526
:10D4600020D301D1A2451DDB012200FB034015F8AA
:10D47000014BEBE72B2C04BF2C78951CCFE7002B3E
:10D48000DAD1302C0CBF08230A23D5E7A4F14107D9
:10D49000192F01D8373CDEE7A4F16107192F04D812
:10D4A000573CD8E74FF0FF32E1E7531C08D1222365
:10D4B0006046CEF80030B8F1000FA0D0691E06E03B
:10D4C00006B14042B8F1000F99D0002AF6D1C8F851
:10D4D000001094E7D1F20008FFF784BF2DE9F04770
:10D4E0001F468E688246BE420C4690460B682DD879
:10D4F000B1F90C2012F4906F26D06569096905EB2B
:10D500004505A3EB010905EBD5757B1C4B446D105C
:10D510009D4238BF1D46530527D52946FEF72EFCF0
:10D52000064660B34A462169FDF751FDA38923F4FD
:10D53000906343F08003A38126614E4426603E46FB
:10D540006561A5EB0905A560BE4200D93E4632469D
:10D550004146206800F049FD0020A3689B1BA360A2
:10D56000236833442360BDE8F0872A4601F0FDF8C4
:10D5700006460028E0D150462169FEF78DFB0C23BA
:10D58000CAF80030A3894FF0FF3043F04003A38175
:10D59000E9E700002DE9F04F98468B8907461B0606
:10D5A0000D4614469DB010D50B6973B94021FEF7A6
:10D5B000E5FB2860286130B90C233B604FF0FF3059
:10D5C0001DB0BDE8F08F40236B6100230993202339
:10D5D0008DF8293030234FF00109CDF80C80DFF8A9
:10D5E00098818DF82A3023469A4613F8012B0AB108
:10D5F000252AF9D1BAEB040B0BD05B46224629460B
:10D600003846FFF76BFF013000F0A780099A5A44B3
:10D6100009929AF80030002B00F09F8000234FF011
:10D62000FF32CDE905230AF1010A049307938DF82F
:10D6300053301A935446052214F8011B4E48FDF747
:10D64000B8FC049AD8B9D00644BF20238DF85330D3
:10D65000110744BF2B238DF853309AF800302A2B42
:10D6600015D0544600204FF00A0C079A214611F8B5
:10D67000013B303B092B4BD9B0B1079214E0A0EB32
:10D68000080309FA03F31343A2460493D2E7039B6A
:10D69000191D1B680391002BBBBF5B4242F00202C5
:10D6A00007930793B8BF049223782E2B0AD163788F
:10D6B0002A2B32D1039B02341A1D1B68039243EAC2
:10D6C000E3730593DFF8B4A0032250462178FDF7F9
:10D6D00070FC38B14022049BA0EB0A008240134347
:10D6E0000134049314F8011B062225488DF82810F4
:10D6F000FDF75FFC002836D0224B1BBB039B073392
:10D7000023F0070308330393099B334409936AE723
:10D710000C4601200CFB0232A8E700234FF00A0C54
:10D72000194601340593204610F8012B303A092A96
:10D7300003D9002BC6D00591C4E7044601230CFB96
:10D740000121F0E703AB00932A4638460E4B04A9AB
:10D75000FCF75CFC421C0646D6D1AB895B063FF564
:10D760002DAF09982CE703AB00932A463846064BA9
:10D7700004A9FCF7E9FEEDE7D1F30008D7F30008B0
:10D78000DBF300080DA00008DDD4000838B54B1C01
:10D79000144603D14FF0FF35284638BD9389CDB2EA
:10D7A00023F0200393815368526B8AB1A26B9A4293
:10D7B00008DD23685A1E226003F8015C63680133A8
:10D7C0006360E9E7214600F0D8FB0028F1D0E1E7EB
:10D7D0002169226841B1914206D212F8011CA94286
:10D7E00002D1013A2260EAE7C4E90F2304F14403BD
:10D7F00063630323A363234603F8465F2360012387
:10D80000DEE710B50C46496B69B104F14403994257
:10D8100001D0FEF741FA0020236C6063636013B10E
:10D82000E36B236010BD23694FF0FF3023600023BA
:10D830006360A38943F02003A381F3E72DE9F04758
:10D840000C4600210646ADF5227DCDE94411AA49DA
:10D850000DF10408A091A949A94FCDF81881A19113
:10D8600000931378002B00F05981F95C551C11F0DE
:10D87000080119D06368002B0FDD23681A78BA5CA1
:10D88000120701D42A46ECE7459A0133013245924A
:10D8900062682360013A6260ECE721463046A19B52
:10D8A00098470028E9D0EDE7252B12D09946636808
:10D8B000002B40F39480226813784B4540F02E8172
:10D8C00063680132013B6360459B226001334593ED
:10D8D000D8E74191439153782A2B04BF1023951C1C
:10D8E0004FF00A0208BF4193A94619F8011BA1F1A4
:10D8F0003003092B1ED9DFF80CA203225046FDF796
:10D9000058FB38B101234D46419AA0EB0A008340F1
:10D910001343419315F8013B782B06D8572B10D8A9
:10D92000252BC3D056D8002B64D0032347930A235A
:10D93000429377E0439B4D4602FB031130394391FC
:10D94000D2E7A3F15802202AEFD801A151F822F022
:10D9500003DA00082BD900082BD900085DDA00088B
:10D960002BD900082BD900082BD900082BD9000887
:10D970002BD900082BD900082BD9000873DA00082E
:10D9800059DA0008DBD90008DBD90008DBD9000828
:10D990002BD9000815DA00082BD900082BD900086C
:10D9A0002BD900082BD9000883DA00081DDA0008FB
:10D9B000FBD900082BD900082BD900087FDA000812
:10D9C0002BD9000859DA00082BD900082BD90008F8
:10D9D00003DA0008453B022BA7D8052321E02146A6
:10D9E0003046A19B984700283FF465AF4498002833
:10D9F00040F08C804FF0FF308CE0419A42F02002E2
:10DA00004192419A42F40072419210226E2B42924E
:10DA100002D905E000234293032302E00823429346
:10DA2000042347936368002B39DD419B590604D4D6
:10DA300023681A78BA5C120738D4479B022B47DC5C
:10DA40006B462246304641A900F06AF8012865D0AD
:10DA500002287FF417AFC9E70A22D7E729464046D4
:10DA600000F052FA419B054643F0400341930123E5
:10DA7000D7E7419B43F0400341930023D1E70223C2
:10DA8000CFE74198C3063FF5FDAE009B459A191DAF
:10DA900000911B68C0074CBF1A801A60F2E621464D
:10DAA0003046A19B98470028BFD09FE7459A013296
:10DAB00045926268013A002A626002DD0133236008
:10DAC000B6E721463046A19B98470028B0D08DE7A5
:10DAD000042B06DC6B462246304641A900F07AF85A
:10DAE000B4E7094B002B3FF4CDAE6B4622463046DF
:10DAF00041A9FCF749FEA9E78DD7000803D8000823
:10DB0000D1F20008D7F3000889A70008A3895B06B3
:10DB10003FF570AF0DF5227DBDE8F0874498F9E739
:10DB20002DE9F84315468A6880460C4632B98A6961
:10DB3000002A14BF4FF0FF3201228A6000272268BA
:10DB4000DFF88C90D1065FBF1A68111D1960166846
:10DB5000A06988B1012807D12B681A7863699B5C9A
:10DB600053B9002F31D022E0022820D12B681B7836
:10DB700019F803301B071AD423680137DA065EBF91
:10DB80002B681B7806F8013B2A686B6801322A6013
:10DB9000A268013B013A6B60A26042B1002BD7DC66
:10DBA00029464046D4F8803198470028D0D02368D1
:10DBB00013F0100305D1E2680132E260A26902B1FC
:10DBC0003370002023693B442361BDE8F88300BF24
:10DBD000D1F200082DE9F04F0C469846724B87B001
:10DBE0008246164693E8070003AB83E807006F4BB5
:10DBF000A1696F4A2746032908BF1A46A368019204
:10DC00005A1EB2F5AE7F81BF6FF4AE7503EB050906
:10DC100040F25D13A36057F81C3B98BF4FF000091A
:10DC20003D464FF0000B43F450632360316803AB73
:10DC30000222097853F82B00FDF7BBF928B3BBF19A
:10DC4000010F59D162682AB908212268616042F443
:10DC500000722260226822F4A0622260A268511E33
:10DC6000A16092B13268511C3160127805F8012B25
:10DC70007268013A002A726007DC31465046D4F8D7
:10DC800080219047002840F085800BF1010BBBF10B
:10DC9000030FCBD163680BB90A23636063684549FE
:10DCA0006069C91A00F030F94FF0000BA3682268D0
:10DCB000002B3DD03168606991F800C010F80C006D
:10DCC000002835D0BCF1300F24D1100522D50BF13E
:10DCD000010BB9F1000F03D0013309F1FF39A36043
:10DCE0007368013B002B73601BDD336801333360C5
:10DCF000A368013BA360D9E7BBF1020FAED1226854
:10DD000002F4C061B1F5007FBFD1102142F48072EE
:10DD10006160A2E722F4106222600B7805F8013BF3
:10DD2000DEE731465046D4F8803198470028DFD0EE
:10DD30002368D9050DD5BD4209D915F8011C324615
:10DD40005046D4F87C3105F1FF3998474D46BD4225
:10DD500028D0226812F0100213D12A703946636865
:10DD60005046019EB047D8F8003021681A1DC8F807
:10DD7000002011F0200F1B680FD01860E3680133FA
:10DD8000E36000202369ED1B5D442B44236107B051
:10DD9000BDE8F08F4FF0000BCAE7CA074CBF1880F0
:10DDA0001860EBE70120F2E710F00008D9D4000872
:10DDB000A5E80008F2F30008B1F90C20F8B5160741
:10DDC00005460C4654D44B68002B02DC0B6C002B30
:10DDD00048DDE66A002E45D0002312F480522F68F9
:10DDE000216A2B6030D0626DA389590705D563681D
:10DDF000D21A636B0BB1236CD21A00232846E66A51
:10DE0000216AB047431CA38906D129681D292BD854
:10DE1000284A0A41D60727D4002262602269D90421
:10DE2000226004D5421C01D12B6803B96065616B87
:10DE30002F60B9B104F14403994202D02846FDF79E
:10DE40002BFF002363630DE001232846B047024601
:10DE5000501CC9D12B68002BC6D01D2B01D0162B0E
:10DE60001DD12F60002021E043F040031BB21AE0D7
:10DE70000F69002FF6D0930718BF00230E6808BF64
:10DE80004B69F61B0F608B60002EEBDD33463A4684
:10DE90002846216AD4F828C0E047002807DCB4F9F6
:10DEA0000C3043F040034FF0FF30A381F8BD07442E
:10DEB000361AE9E7FEFFBFDF38B50B6905460C46A9
:10DEC00013B90025284638BD18B1036A0BB9FCF711
:10DED000F7FEB4F90C30002BF3D0626ED00704D4F7
:10DEE000990502D4A06DFDF762F828462146FFF798
:10DEF00063FF636E0546DA07E4D4A3899B05E1D48A
:10DF0000A06DFDF755F8DDE770B50B7804465E2B84
:10DF10000BBF4B784A1C8A1C002108BF0121013825
:10DF200004F1FF0500F8011FA842FBD10BB9501EF8
:10DF300070BD81F001011046E154024612F8015B08
:10DF40002D2D05D05D2D16D0002DF1D02B46F2E7FA
:10DF500046785D2EFAD0B342F8DC1A460230013220
:10DF60009642A154FBDCF21A013AB342A8BF002248
:10DF70005D1CAB18E1E71046DAE72DE9F0410C46ED
:10DF8000496B04F1440399421BD14FF48061FDF7C2
:10DF9000F5FE18B94FF0FF30BDE8F0814FF4806313
:10DFA000A36394F84630606380F8FF3394F84530FB
:10DFB00000F2FD30437094F844300370206000207C
:10DFC000EAE7A66B77003A4600F0CFFB054600284B
:10DFD000E0D000EB0608014632464046FCF7F7FF6A
:10DFE000C4E90D57C4F80080E9E7884210B501EB99
:10DFF000020402D98442234607D8431EA14208D016
:10E0000011F8012B03F8012FF8E7014602448A4278
:10E0100000D110BD13F8014D02F8014DF7E710B51E
:10E020006AB10139841810F8012B11F8013F9A42A6
:10E0300003D1A04201D0002AF5D1D01A10BD10465C
:10E04000FCE7000038B50023054D044608462B6068
:10E05000F7F770F8431C02D12B6803B1236038BD79
:10E06000A008002000200149704700BF0000F87F91
:10E070001FB514461A46094B05461B68D86854B9A3
:10E08000074B1C46CDE9013400912B46054900F0B1
:10E0900019FC00F029FC044BF4E700BFD800002075
:10E0A00040F4000812F4000805F4000870B5A1FB64
:10E0B00002543CB92946FDF761FE064628B9002600
:10E0C000304670BD0C220260F9E72A462146FCF773
:10E0D000F0FEF5E703692DE9F043B3EB611F00F1B2
:10E0E00014044FEA611246DD11F01F0104EB8306B0
:10E0F00004EB82050CD1294600F11007B14235D35B
:10E100009B1A9B00EA1E964238BF0023234415E069
:10E11000A14654F82270C1F12008CF4005F1040E49
:10E120007645F44616D89A1A9200043A0135AE4262
:10E1300038BF0022A318A75007B10433A342A3EBB2
:10E14000040208BF00234FEAA202026108BF436134
:10E15000BDE8F083DCF800C00CFA08FC4CEA0707C5
:10E1600049F8047B5EF8047BCF40D9E751F804CB33
:10E1700047F804CFC2E72346E0E7A0F13003092BBC
:10E1800002D82038C0B27047A0F16103052B01D836
:10E190004738F7E7A0F14103052B01D82738F1E70D
:10E1A000002070472DE9F04F8A46904685B00293D3
:10E1B0000B6801909C1CA14614F8010B3028FAD082
:10E1C000A9EB0303A3F1020BFFF7D7FF05460028D5
:10E1D00068D1012248469F49FFF721FF07460028E2
:10E1E00067D199F801002646FFF7C7FF002862D0E3
:10E1F000234618789946302803F10103F9D0FFF738
:10E20000BCFFB0FA80F54FF0010B6D094A46164687
:10E2100030780132FFF7B1FF0028F8D101223046F3
:10E220008C49FFF7FCFE00283FD144B9741C2246FC
:10E23000164630780132FFF7A0FF0028F8D1A41B62
:10E24000A700337803F0DF03502B3ED173782B2BDC
:10E2500033D02D2B34D00024711C0878FFF78DFFAC
:10E26000431EDBB2182B30D8A0F1100211F8010FB9
:10E27000FFF783FF00F1FF3C5FFA8CFCBCF1180F45
:10E280004FF00A031ED904B152421744CAF80010D5
:10E29000EDB1BBF1000F0CBF06250025284605B0E7
:10E2A000BDE8F08F00252C46B0E7002CC7D12746EB
:10E2B000C7E74E462F460125C3E70024B11CCCE733
:10E2C0000124FBE703FB0200CEE73146DEE72946E7
:10E2D000A6EB0903013B072B0ADC0198FDF7DAFDE9
:10E2E000044640B90246E4215B4B5C48FFF7C0FEA0
:10E2F00001315B10EFE7002300F1140A55469B46FD
:10E30000B14537D345F804BBA5EB0A05AD1025612F
:10E310005846FDF7B1FE6D01D8F800602D1AB542E0
:10E3200054DDAD1B29462046FEF739FA814678B107
:10E330004FF001096B1E59115AF8211003F01F020A
:10E3400009FA02F20A4203D04B4536DC4FF00209CB
:10E3500029462046FFF7BEFE2F44D8F80830BB42BE
:10E3600042DA21460198FDF7D5FD00230E9AA32538
:10E37000136093E716F8012D2E2A12D0202B04D11A
:10E3800045F804BB4FF0000B5B4630780393FFF772
:10E39000F4FE039B00F00F0098404BEA000B04339F
:10E3A000AEE7B145EAD8012230462A490393FFF788
:10E3B00036FE039B0028E1D1A2E72046A91EFEF706
:10E3C000EEF90028C2D04FF00309C1E709DA751B46
:10E3D00021462A460198FDF7B3FF04467F1B00F152
:10E3E000140A4FF00009B8E7D8F80450BD426FDDB9
:10E3F000ED1BAE4234DCD8F80C30022B22D0032BBC
:10E4000024D0012B15D1AE4213D1012E0BD1D8F857
:10E410000430029A6225136001232361CAF8003098
:10E420000E9B1C603AE72046711EFEF7B8F90028E3
:10E43000EDD121460198FDF76DFD00230E9A502580
:10E4400013602BE70F9B002BF3D1E0E70F9B002B12
:10E45000DDD1EEE778F200080DF1000841F4000884
:10E460006F1EB9F1000F30D127B139462046FEF7B3
:10E4700096F9814601232946761B02257A115AF81E
:10E48000222007F01F07BB401342204618BF49F067
:10E490000209FFF71FFED8F80470B9F1000F47D04A
:10E4A000D8F80C30022B15D0032B17D0012B09D133
:10E4B00019F0020F06D0DAF8003049EA030919F022
:10E4C000010F0ED145F0100532E04FF00109D1E700
:10E4D0000125E2E70F9BC3F101030F930F9B002B74
:10E4E000F0D04FF0000CD4F810B004F114034FEA50
:10E4F0008B0A03EB8B01184653F8042BB2F1FF3F54
:10E500001BD001320260022D04F114033CD1D8F873
:10E510000020013AB24209D10122711153F8213091
:10E5200006F01F0602FA06F61E423AD145F0200513
:10E530000E9B1C60029B1F60B0E6994243F804CC1E
:10E54000D9D8A3689B4517DB616801980131FDF7B5
:10E55000A1FC814618B902468421194BC5E62269FF
:10E5600004F10C01023292000C30FCF730FD214620
:10E570000198FDF7CFFC4C4623695A1C2261012209
:10E5800004EB83035A61BEE722695A450BDD012182
:10E590002046FFF79FFDD8F808300137BB42FFF651
:10E5A000E0AE0125C2E716F01F06FAD0534453F837
:10E5B000040CFDF761FDC6F12006B042E7DBF0E791
:10E5C0000DF10008C2F10802920070B5C2F12006F8
:10E5D0004368046803FA06F52C43D340046040F80E
:10E5E000043F8842F4D370BD30B50368013311F89D
:10E5F000014B14B90360012030BD13F8012BA2F1C7
:10E600004105192D98BF2032A242F0D00020F3E737
:10E610002DE9F04F00250B6882465E1102EB86065D
:10E6200013F01F0318BF0436371F9046B9463C4607
:10E63000AB4687B00168019346F8045C02954A78BE
:10E640004B1C039342B3104605910492FFF795FDCE
:10E65000002851D1049A0599202A18D8029B9B457D
:10E6600013DD4C4506D2072D04DC2A4649462046D8
:10E67000FFF7A8FF444552D90023A4F1040944F848
:10E68000043C1D464C46CDF808B00399D7E7292A2B
:10E6900057D10231CAF80010BBF1000F51D04C45E0
:10E6A00006D2072D04DC2A4649462046FFF78AFF9A
:10E6B000444536D92346A8F1040253F8041B9F426F
:10E6C00042F8041FF9D23B1B23F003030433013447
:10E6D000033EB44288BF04230022434443F8042B82
:10E6E0009F42FBD23B681BB9474528D101233B60C1
:10E6F000052007B0BDE8F08F0135082D0BF1010BA7
:10E7000006DD4445C1D90023012544F8043C043CFE
:10E71000226800F00F0040EA02102060B5E70825EB
:10E72000B3E7019B002BDDD04FF0FF32C3F1200394
:10E73000DA4056F8043C134046F8043CD2E7043F64
:10E74000D0E70420D5E782B001B901A942B14BB1AD
:10E7500013780B601278101E18BF012002B07047AA
:10E760001046FBE76FF00100F8E72DE9F041804625
:10E7700015460C4621B91146BDE8F041FDF7FEBA39
:10E780002AB9FDF789FA00242046BDE8F08100F09F
:10E79000B2F88542064602D8B5EB500FF4D82946A8
:10E7A0004046FDF7EBFA07460028ECD0B5422A4672
:10E7B000214628BF3246FCF70AFC21464046FDF7B9
:10E7C0006BFA3C46E0E700002DE9F04386460D4633
:10E7D000334E284615F8014B375D17F00807F8D17E
:10E7E0002D2C2FD101272C78851C33F0100009D156
:10E7F000302C2CD1287800F0DF00582827D11023A6
:10E800006C7802354FF0FF38B8FBF3F8002603FBB5
:10E8100008F930466FEA0909A4F1300CBCF1090F80
:10E820001CD86446A3422ADDB6F1FF3F07D08045DD
:10E8300022D301D1A1451FDB012600FB034015F8BF
:10E84000014BE9E72B2C04BF2C78851CCDE7002B6E
:10E85000D8D1302C0CBF08230A23D3E7A4F1410CF4
:10E86000BCF1190F01D8373CDCE7A4F1610CBCF115
:10E87000190F04D8573CD5E74FF0FF36DFE7731C7C
:10E8800006D122233046CEF8003032B9BDE8F083FD
:10E8900007B14042002AF9D006B1691E1160F5E7C0
:10E8A000D1F20008FFF790BF0346084641B1FF2AA6
:10E8B00004D98A224FF0FF301A60704701200A7095
:10E8C000704700000EB403B5014603AB054853F88A
:10E8D000042B0068019300F03DF802B05DF804EBF2
:10E8E00003B07047D8000020062008B500F006FAF3
:10E8F0000120F6F7AAFB51F8043C181F002BBCBFFF
:10E900000B58C0187047936810B4013B002B9360FC
:10E9100007DA9469A34201DB0A2902D110BC00F096
:10E9200031B91368581C10601970084610BC704744
:10E93000F8B506460F461446D518AC4201D1002062
:10E9400007E03A46304614F8011BFFF7DCFF431C92
:10E95000F3D1F8BD2DE9F04F0D4614469846064612
:10E960009DB018B1036A0BB9FCF7AAF96B6ED90711
:10E9700005D4AB899A0502D4A86DFCF718FBAB89C6
:10E980001B0701D52B699BB92946304600F038F9A1
:10E9900070B16B6EDC0704D54FF0FF301DB0BDE8E1
:10E9A000F08FAB899805F7D4A86DFCF701FBF3E76E
:10E9B0000023099320238DF8293030234FF00109DB
:10E9C000CDF80C80DFF8A8818DF82A3023469A46CE
:10E9D00013F8012B0AB1252AF9D1BAEB040B0BD09D
:10E9E0005B46224629463046FFF7A2FF013000F081
:10E9F000A780099A5A4409929AF80030002B00F037
:10EA00009F8000234FF0FF32CDE905230AF1010A70
:10EA1000049307938DF853301A935446052214F843
:10EA2000011B5348FCF7C5FA049AD8B9D10644BF74
:10EA300020238DF85330130744BF2B238DF8533018
:10EA40009AF800302A2B15D0544600204FF00A0CBB
:10EA5000079A214611F8013B303B092B4BD9B0B145
:10EA6000079214E0A0EB080309FA03F31343A2464C
:10EA70000493D2E7039B191D1B680391002BBBBFB6
:10EA80005B4242F0020207930793B8BF04922378D7
:10EA90002E2B0AD163782A2B32D1039B02341A1D04
:10EAA0001B68039243EAE3730593DFF8C8A00322CF
:10EAB00050462178FCF77DFA38B14022049BA0EB48
:10EAC0000A00824013430134049314F8011B062208
:10EAD00029488DF82810FCF76CFA00283FD0274B06
:10EAE0001BBB039B073323F0070308330393099BE6
:10EAF0003B4409936AE70C4601200CFB0232A8E76D
:10EB000000234FF00A0C194601340593204610F8F3
:10EB1000012B303A092A03D9002BC6D00591C4E74E
:10EB2000044601230CFB0121F0E703AB00932A46C6
:10EB30003046134B04A9FBF769FA0746781CD6D177
:10EB40006B6ED90705D4AB899A0502D4A86DFCF782
:10EB50002FFAAB895B063FF51FAF09981EE703ABA1
:10EB600000932A463046064B04A9FBF7EDFCE4E788
:10EB7000D1F30008D7F30008DBF300080DA000086C
:10EB800031E90008F8B50E461446054618B1036A87
:10EB90000BB9FCF795F8A369A360A3891A0701D5FF
:10EBA000236943B92146284600F02AF818B14FF0EE
:10EBB000FF373846F8BD23682269F6B2981A6369B0
:10EBC0003746834205DC21462846FFF775F90028C1
:10EBD000EDD1A368013BA36023685A1C22601E701C
:10EBE0006269431C9A4204D0A389DB07E1D50A2E4F
:10EBF000DFD121462846FFF75FF90028D9D0D6E7B4
:10EC000038B5294B054618680C4618B1036A0BB98C
:10EC1000FCF756F8B4F90C30190722D4DA0607D4F9
:10EC200009222A6043F040034FF0FF30A38133E014
:10EC3000580712D5616B41B104F14403994202D0E7
:10EC40002846FDF729F800236363A38923F02403F2
:10EC5000A3810023636023692360A38943F0080331
:10EC6000A38123694BB9A38903F42073B3F5007F13
:10EC700003D02146284600F082F8B4F90C3013F096
:10EC800001020AD00022A26062695242A261226996
:10EC900042B913F08000C5D138BD990758BF6269E9
:10ECA000A260F4E70020F7E7D80000201F2938B55C
:10ECB00005460C4604D9162303604FF0FF3038BDDB
:10ECC000C26B12B152F821304BB9284600F030F82F
:10ECD000224601462846BDE8384000F017B8012B0F
:10ECE0000AD0591C03D1162303600120E7E7002155
:10ECF000204642F8241098470020E0E7024B0146E6
:10ED00001868FFF7D3BF00BFD800002038B5002334
:10ED1000064D0446084611462B60F6F786F9431C5B
:10ED200002D12B6803B1236038BD00BFA0080020CA
:10ED3000F6F774B970B50C46B1F90E1015460029F6
:10ED40001E4696B00CDAA389002113F0800F14BF81
:10ED500040234FF48063002031602B6016B070BDFB
:10ED60006A4600F049F80028EDDB019901F4704192
:10ED7000A1F50053594259414FF48063EBE78B8969
:10ED8000F7B59D0706460C4607D504F147032360F7
:10ED900023610123636103B0F0BD6A4601ABFFF755
:10EDA000C9FF009F054639463046FCF7E7FF48B9E2
:10EDB000B4F90C309A05EED423F0030343F00203B8
:10EDC000A381E2E7A389C4E9040743F08003A38198
:10EDD000019B20605BB13046B4F90E1000F01EF8C4
:10EDE00028B1A38923F0030343F00103A381A3897E
:10EDF0001D43A581CFE7000038B50023064D04462A
:10EE0000084611462B60F6F76FF9431C02D12B68B8
:10EE100003B1236038BD00BFA008002038B500232F
:10EE2000054D044608462B60F6F76DF9431C02D1E8
:10EE30002B6803B1236038BDA0080020F8B500BFDF
:10EE4000F8BC08BC9E467047F8B500BFF8BC08BCCB
:04EE50009E46704723
:10EE58002568750A000000004745540A00000000B4
:10EE6800494E430A00000000202020202020205482
:10EE780042532D313920202020202020000000007E
:10EE8800257300004E47554F4E3A2043414E2054BB
:10EE980048415920544845200000000050494E2060
:10EEA800203A2043485541204B4554204E4F492095
:10EEB800000000004E4849455420444F2043414F2C
:10EEC800210000000000000050494E20203A204355
:10EED800414E205448415920544845200000000024
:10EEE80050494E20203A20204441204B4554204E82
:10EEF8004F492020000000004E47554F4E3A202031
:10EF08004441204B4554204E4F492020000000002A
:10EF1800534F204C414E204441205341433A202531
:10EF28006400000042414D204E5554204445205372
:10EF380041432020202020200000000050494E207E
:10EF4800444120534143204441597C5670696E2006
:10EF580000000000252E32667C252E32667C252E88
:10EF680032667C25342E316656000000252E326626
:10EF78007C252E32667C252E32667C49736163209F
:10EF880000000000252E32667C252E32667C252E58
:10EF980032667C252D342E316641000044414E47AF
:10EFA800205341432E2E2E2020207C5670696E203F
:10EFB8000000000044554E472053414321200000E3
:10EFC800484159205255542041444150544F520011
:10EFD8005664633D252E3166560000005662617402
:10EFE8003D252E316656000020202020202020209C
:10EFF8002020202020202020202020200000000089
:10F008000000000000000000F4F30008F7F3000817
:10F01800FAF30008000000000000000001020304E9
:10F0280006070809000000000102030402030405A2
:10F03800060708090A0B0C0D0E0F1010010200003C
:10F0480002030405060708090A0B0C0D0E0F101021
:10F058000102494E4600696E66004E414E006E61DF
:10F068006E00303132333435363738394142434413
:10F0780045460030313233343536373839616263CA
:10F088006465660065256C6400496E66696E69741E
:10F0980079004E614E005245454E54206D616C6CAE
:10F0A8006F6320737563636565646564002F6275BB
:10F0B800696C642F676E752D746F6F6C732D666F36
:10F0C800722D73746D33325F31322E332E72656C4C
:10F0D800312E32303234303932362D313731352F06
:10F0E8007372632F6E65776C69622F6E65776C69D2
:10F0F800622F6C6962632F7374646C69622F647425
:10F108006F612E630042616C6C6F6320737563637B
:10F118006565646564002F6275696C642F676E7538
:10F128002D746F6F6C732D666F722D73746D33321F
:10F138005F31322E332E72656C312E3230323430DC
:10F148003932362D313731352F7372632F6E65772B
:10F158006C69622F6E65776C69622F6C6962632FC8
:10F168007374646C69622F6D707265632E6300003E
:10F1780005000000190000007D00000000000000EC
:10F188000080E03779C34143176E05B5B5B893469B
:10F19800F5F93FE9034F384D321D30F94877825A67
:10F1A8003CBF737FDD4F1575000000000000F03F85
:10F1B800000000000000244000000000000059404A
:10F1C8000000000000408F40000000000088C3409D
:10F1D80000000000006AF8400000000080842E4112
:10F1E80000000000D01263410000000084D797415E
:10F1F8000000000065CDCD41000000205FA0024264
:10F20800000000E876483742000000A2941A6D42D8
:10F21800000040E59C30A2420000901EC4BCD642CB
:10F2280000003426F56B0C430080E03779C3414376
:10F2380000A0D8855734764300C84E676DC1AB43EC
:10F24800003D9160E458E143408CB5781DAF15440A
:10F2580050EFE2D6E41A4B4492D54D06CFF08044E5
:10F26800F64AE1C7022DB544B49DD9794378EA44FA
:10F278002E00000034000000CEFBFFFFCB0300008F
:10F28800010000000000000035000000CEFBFFFF79
:10F29800CB03000001000000000000000000000097
:10F2A800BC89D897B2D29C3C33A7A8D523F6493954
:10F2B8003DA7F444FD0FA5329D978CCF08BA5B2576
:10F2C800436FAC64280668110020202020202020ED
:10F2D80020202828282828202020202020202020FE
:10F2E800202020202020202020881010101010100E
:10F2F800101010101010101010040404040404045A
:10F3080004040410101010101010414141414141F3
:10F3180001010101010101010101010101010101D5
:10F3280001010101101010101010424242424242E5
:10F3380002020202020202020202020202020202A5
:10F34800020202021010101020000000000000004D
:10F3580000000000000000000000000000000000A5
:10F368000000000000000000000000000000000095
:10F378000000000000000000000000000000000085
:10F388000000000000000000000000000000000075
:10F398000000000000000000000000000000000065
:10F3A8000000000000000000000000000000000055
:10F3B8000000000000000000000000000000000045
:10F3C800000000000000000000232D302B20006802
:10F3D8006C4C0065666745464700412D46612D66C1
:10F3E800383930313233343536375D002B2D003023
:10F3F80030007858004300504F534958002C20667D
:10F40800756E6374696F6E3A200061737365727408
:10F41800696F6E2022257322206661696C65643AE3
:10F428002066696C6520222573222C206C696E6524
:10F43800202564257325730A002F6275696C642F73
:10F44800676E752D746F6F6C732D666F722D737484
:10F458006D33325F31322E332E72656C312E32307D
:10F468003234303932362D313731352F7372632FBC
:10F478006E65776C69622F6E65776C69622F6C694F
:10F4880062632F7374646C69622F6764746F612D93
:0CF498006765746865782E630000000052
:08F4A400AC0CFF7F0100000029
:04F4AC00350100081E
:04F4B000110100083E
:10F4B40001000000000000000100000020202020C6
:10F4C4002020205442532D31392020202020202078
:10F4D4000000000000000000000000000000000028
:10F4E4000000000044414E47204B484F4920444F00
:10F4F4004E472E2E2E0000000000000000000000E9
:10F5040000000000000000000000000000000000F7
:10F5140000000000000000000000000000000000E7
:10F5240000000000000000000000000000000000D7
:10F5340000000000000000000000000000000000C7
:10F5440000000000000000000000000000000000B7
:10F5540000000000000000000000000000000300A4
:10F564001E00000000600000F401000080C094D47C
:10F5740000127A00100000000100000000000000EA
:10F584000300000064070020DC00002000000000ED
:10F5940064070020CC07002034080020000000008D
:10F5A4000000000000000000000000000000000057
:10F5B4000000000000000000000000000000000047
:10F5C4000000000000000000000000000000000037
:10F5D40000000000000000004300000000000000E4
:10F5E4000000000000000000000000000000000017
:10F5F40000000000000000004300000000000000C4
:10F6040000000000000000000000000000000000F6
:10F6140000000000000000004300000000000000A3
:10F6240000000000000000000000000000000000D6
:10F634000000000000000000430000000000000083
:10F6440000000000000000000000000000000000B6
:10F654000000000000000000430000000000000063
:10F664000000000000000000000000000000000096
:10F674000000000000000000430000000000000043
:10F684000000000000000000000000000000000076
:10F694000000000000000000430000000000000023
:10F6A4000000000000000000000000000000000056
:10F6B4000000000000000000A9E8000847E7000877
:10F6C40000000000D0F2000878F2000840F40008BE
:10F6D40040F4000840F4000840F4000840F4000836
:10F6E40040F4000840F4000840F4000840F4000826
:10F6F400FFFFFFFFFFFFFFFFFFFFFFFFFFFF000014
:10F70400010041534349490000000000000000008B
:10F7140000000000000000000000000000000000E5
:10F72400000041534349490000000000000000006C
:10F7340000000000000000000000000000000000C5
:04F7440000000000C1
:04000005080051ADF1
:00000001FF
